State,Value
--------X,0.0
-------OX,3.0
-------X-,0.0
-------XO,0.0
------O-X,3.0
------OX-,0.0
------OXX,0.0
------X--,0.0
------X-O,3.0
------XO-,0.0
------XOX,0.0
------XXO,-2.0
-----O--X,3.0
-----O-X-,3.0
-----O-XX,3.0
-----OOXX,3.0
-----OX--,3.0
-----OX-X,3.0
-----OXOX,3.0
-----OXX-,-2.0
-----OXXO,-2.0
-----X---,0.0
-----X--O,0.0
-----X-O-,3.0
-----X-OX,3.0
-----X-XO,0.0
-----XO--,3.0
-----XO-X,3.0
-----XOOX,5.0
-----XOX-,0.0
-----XOXO,3.0
-----XX-O,0.0
-----XXO-,0.0
-----XXOO,3.0
----O---X,0.0
----O--X-,0.0
----O--XX,0.0
----O-OXX,0.0
----O-X--,0.0
----O-X-X,0.0
----O-XOX,0.0
----O-XX-,-1.0
----O-XXO,-1.0
----OO-XX,5.0
----OOX-X,5.0
----OOXX-,5.0
----OOXXX,5.0
----OX---,0.0
----OX--X,0.0
----OX-OX,5.0
----OX-X-,0.0
----OX-XO,0.0
----OXO-X,5.0
----OXOX-,0.0
----OXOXX,-4.0
----OXX--,0.0
----OXX-O,0.0
----OXXO-,0.0
----OXXOX,0.0
----OXXXO,-4.0
----X----,0.0
----X---O,0.0
----X--O-,3.0
----X--OX,3.0
----X--XO,0.0
----X-O--,2.0
----X-O-X,2.0
----X-OOX,5.0
----X-OX-,0.0
----X-OXO,5.0
----X-X-O,0.0
----X-XO-,0.0
----X-XOO,5.0
----XO---,3.0
----XO--X,3.0
----XO-OX,5.0
----XO-X-,0.0
----XO-XO,3.0
----XOO-X,5.0
----XOOX-,5.0
----XOOXX,3.0
----XOX--,3.0
----XOX-O,5.0
----XOXO-,5.0
----XOXOX,3.0
----XOXXO,-4.0
----XX--O,0.0
----XX-O-,3.0
----XX-OO,3.0
----XXO--,2.0
----XXO-O,3.0
----XXOO-,3.0
----XXOOX,3.0
----XXOXO,3.0
----XXXOO,3.0
---O----X,3.0
---O---X-,3.0
---O---XX,2.0
---O--OXX,2.0
---O--X--,3.0
---O--X-X,3.0
---O--XOX,3.0
---O--XX-,0.0
---O--XXO,0.0
---O-O-XX,5.0
---O-OX-X,5.0
---O-OXX-,1.0
---O-OXXX,5.0
---O-X---,0.0
---O-X--X,0.0
---O-X-OX,5.0
---O-X-X-,0.0
---O-X-XO,0.0
---O-XO-X,5.0
---O-XOX-,1.0
---O-XOXX,0.0
---O-XX--,0.0
---O-XX-O,0.0
---O-XXO-,3.0
---O-XXOX,0.0
---O-XXXO,0.0
---OO--XX,5.0
---OO-X-X,5.0
---OO-XX-,5.0
---OO-XXX,5.0
---OOOXXX,4.0
---OOX--X,5.0
---OOX-X-,3.0
---OOX-XX,3.0
---OOXOXX,3.0
---OOXX--,3.0
---OOXX-X,3.0
---OOXXOX,3.0
---OOXXX-,0.0
---OOXXXO,0.0
---OX----,3.0
---OX---X,2.0
---OX--OX,5.0
---OX--X-,3.0
---OX--XO,5.0
---OX-O-X,5.0
---OX-OX-,5.0
---OX-OXX,2.0
---OX-X--,3.0
---OX-X-O,5.0
---OX-XO-,5.0
---OX-XOX,3.0
---OX-XXO,0.0
---OXO--X,5.0
---OXO-X-,5.0
---OXO-XX,0.0
---OXOOXX,3.0
---OXOX--,5.0
---OXOX-X,3.0
---OXOXOX,3.0
---OXOXXO,1.0
---OXX---,0.0
---OXX--O,0.0
---OXX-O-,3.0
---OXX-OX,3.0
---OXX-XO,0.0
---OXXO--,2.0
---OXXO-X,2.0
---OXXOOX,3.0
---OXXOX-,0.0
---OXXOXO,3.0
---OXXX-O,0.0
---OXXXO-,0.0
---OXXXOO,3.0
---X-----,0.0
---X----O,3.0
---X---O-,0.0
---X---OX,0.0
---X---XO,-2.0
---X--O--,0.0
---X--O-X,0.0
---X--OOX,3.0
---X--OX-,0.0
---X--OXO,0.0
---X--X-O,3.0
---X--XO-,0.0
---X--XOO,5.0
---X-O---,0.0
---X-O--X,0.0
---X-O-OX,1.0
---X-O-X-,0.0
---X-O-XO,1.0
---X-OO-X,0.0
---X-OOX-,0.0
---X-OOXX,0.0
---X-OX--,0.0
---X-OX-O,3.0
---X-OXO-,5.0
---X-OXOX,0.0
---X-OXXO,-4.0
---X-X--O,-1.0
---X-X-O-,-2.0
---X-X-OO,-1.0
---X-XO--,-2.0
---X-XO-O,0.0
---X-XOO-,3.0
---X-XOOX,3.0
---X-XOXO,-2.0
---X-XXOO,-1.0
---XO----,0.0
---XO---X,0.0
---XO--OX,0.0
---XO--X-,-1.0
---XO--XO,-1.0
---XO-O-X,0.0
---XO-OX-,0.0
---XO-OXX,-4.0
---XO-X--,0.0
---XO-X-O,5.0
---XO-XO-,0.0
---XO-XOX,-4.0
---XO-XXO,-4.0
---XOO--X,0.0
---XOO-X-,0.0
---XOO-XX,0.0
---XOOOXX,0.0
---XOOX--,5.0
---XOOX-X,0.0
---XOOXOX,0.0
---XOOXX-,-1.0
---XOOXXO,-1.0
---XOX---,-2.0
---XOX--O,0.0
---XOX-O-,-2.0
---XOX-OX,-2.0
---XOX-XO,-4.0
---XOXO--,-2.0
---XOXO-X,-4.0
---XOXOOX,3.0
---XOXOX-,-4.0
---XOXOXO,-2.0
---XOXX-O,-4.0
---XOXXO-,-4.0
---XOXXOO,-1.0
---XX---O,0.0
---XX--O-,0.0
---XX--OO,3.0
---XX-O--,0.0
---XX-O-O,0.0
---XX-OO-,3.0
---XX-OOX,3.0
---XX-OXO,0.0
---XX-XOO,3.0
---XXO---,0.0
---XXO--O,0.0
---XXO-O-,0.0
---XXO-OX,0.0
---XXO-XO,-4.0
---XXOO--,0.0
---XXOO-X,0.0
---XXOOOX,3.0
---XXOOX-,0.0
---XXOOXO,0.0
---XXOX-O,-4.0
---XXOXO-,0.0
---XXOXOO,3.0
---XXX-OO,-3.0
---XXXO-O,-3.0
---XXXOO-,-3.0
---XXXOOO,-4.0
--O-----X,3.0
--O----X-,3.0
--O----XX,3.0
--O---OXX,3.0
--O---X--,0.0
--O---X-X,0.0
--O---XOX,0.0
--O---XX-,0.0
--O---XXO,0.0
--O--O-XX,5.0
--O--OX-X,5.0
--O--OXX-,5.0
--O--OXXX,5.0
--O--X---,0.0
--O--X--X,0.0
--O--X-OX,3.0
--O--X-X-,0.0
--O--X-XO,3.0
--O--XO-X,3.0
--O--XOX-,3.0
--O--XOXX,-4.0
--O--XX--,0.0
--O--XX-O,3.0
--O--XXO-,0.0
--O--XXOX,0.0
--O--XXXO,0.0
--O-O--XX,5.0
--O-O-X-X,5.0
--O-O-XX-,5.0
--O-O-XXX,5.0
--O-OOXXX,4.0
--O-OX--X,0.0
--O-OX-X-,0.0
--O-OX-XX,-4.0
--O-OXOXX,-4.0
--O-OXX--,0.0
--O-OXX-X,0.0
--O-OXXOX,0.0
--O-OXXX-,0.0
--O-OXXXO,0.0
--O-X----,2.0
--O-X---X,2.0
--O-X--OX,5.0
--O-X--X-,2.0
--O-X--XO,3.0
--O-X-O-X,5.0
--O-X-OX-,5.0
--O-X-OXX,3.0
--O-X-X--,0.0
--O-X-X-O,0.0
--O-X-XO-,0.0
--O-X-XOX,0.0
--O-X-XXO,-4.0
--O-XO--X,5.0
--O-XO-X-,3.0
--O-XO-XX,3.0
--O-XOOXX,3.0
--O-XOX--,3.0
--O-XOX-X,3.0
--O-XOXOX,3.0
--O-XOXX-,-4.0
--O-XOXXO,-4.0
--O-XX---,0.0
--O-XX--O,5.0
--O-XX-O-,5.0
--O-XX-OX,3.0
--O-XX-XO,3.0
--O-XXO--,5.0
--O-XXO-X,3.0
--O-XXOOX,3.0
--O-XXOX-,3.0
--O-XXOXO,3.0
--O-XXX-O,0.0
--O-XXXO-,0.0
--O-XXXOO,3.0
--OO---XX,5.0
--OO--X-X,5.0
--OO--XX-,5.0
--OO--XXX,5.0
--OO-OXXX,4.0
--OO-X--X,0.0
--OO-X-X-,0.0
--OO-X-XX,0.0
--OO-XOXX,0.0
--OO-XX--,0.0
--OO-XX-X,0.0
--OO-XXOX,0.0
--OO-XXX-,0.0
--OO-XXXO,0.0
--OOO-XXX,4.0
--OOOX-XX,3.0
--OOOXX-X,3.0
--OOOXXX-,3.0
--OOOXXXX,3.0
--OOX---X,5.0
--OOX--X-,5.0
--OOX--XX,3.0
--OOX-OXX,3.0
--OOX-X--,3.0
--OOX-X-X,3.0
--OOX-XOX,3.0
--OOX-XX-,0.0
--OOX-XXO,0.0
--OOXO-XX,3.0
--OOXOX-X,3.0
--OOXOXX-,3.0
--OOXOXXX,3.0
--OOXX---,0.0
--OOXX--X,0.0
--OOXX-OX,3.0
--OOXX-X-,0.0
--OOXX-XO,3.0
--OOXXO-X,3.0
--OOXXOX-,3.0
--OOXXOXX,0.0
--OOXXX--,0.0
--OOXXX-O,0.0
--OOXXXO-,0.0
--OOXXXOX,0.0
--OOXXXXO,0.0
--OX-----,0.0
--OX----X,0.0
--OX---OX,3.0
--OX---X-,-2.0
--OX---XO,-2.0
--OX--O-X,3.0
--OX--OX-,1.0
--OX--OXX,-4.0
--OX--X--,0.0
--OX--X-O,3.0
--OX--XO-,5.0
--OX--XOX,0.0
--OX--XXO,-4.0
--OX-O--X,3.0
--OX-O-X-,1.0
--OX-O-XX,1.0
--OX-OOXX,1.0
--OX-OX--,3.0
--OX-OX-X,3.0
--OX-OXOX,3.0
--OX-OXX-,-4.0
--OX-OXXO,-4.0
--OX-X---,0.0
--OX-X--O,5.0
--OX-X-O-,5.0
--OX-X-XO,-2.0
--OX-XO--,5.0
--OX-XO-X,-4.0
--OX-XOOX,3.0
--OX-XOX-,-1.0
--OX-XOXO,3.0
--OX-XX-O,3.0
--OX-XXO-,0.0
--OX-XXOO,3.0
--OXO---X,0.0
--OXO--X-,-1.0
--OXO--XX,-4.0
--OXO-OXX,-4.0
--OXO-X--,5.0
--OXO-X-X,0.0
--OXO-XOX,0.0
--OXO-XX-,-1.0
--OXO-XXO,-1.0
--OXOO-XX,3.0
--OXOOX-X,3.0
--OXOOXX-,0.0
--OXOOXXX,3.0
--OXOX---,0.0
--OXOX--X,-4.0
--OXOX-OX,-2.0
--OXOX-X-,-4.0
--OXOX-XO,-2.0
--OXOXO-X,-4.0
--OXOXOX-,-4.0
--OXOXOXX,-3.0
--OXOXX--,0.0
--OXOXX-O,3.0
--OXOXXO-,0.0
--OXOXXOX,-2.0
--OXOXXXO,-2.0
--OXX----,0.0
--OXX---O,5.0
--OXX--O-,5.0
--OXX--OX,3.0
--OXX--XO,-4.0
--OXX-O--,5.0
--OXX-O-X,3.0
--OXX-OOX,3.0
--OXX-OX-,1.0
--OXX-OXO,3.0
--OXX-X-O,-4.0
--OXX-XO-,0.0
--OXX-XOO,3.0
--OXXO---,0.0
--OXXO--X,0.0
--OXXO-OX,3.0
--OXXO-X-,-4.0
--OXXO-XO,-4.0
--OXXOO-X,3.0
--OXXOOX-,1.0
--OXXOOXX,1.0
--OXXOX--,-4.0
--OXXOX-O,-4.0
--OXXOXO-,0.0
--OXXOXOX,0.0
--OXXOXXO,-3.0
--OXXX--O,5.0
--OXXX-O-,5.0
--OXXX-OO,4.0
--OXXXO--,5.0
--OXXXO-O,4.0
--OXXXOO-,4.0
--OXXXOOX,3.0
--OXXXOXO,3.0
--OXXXXOO,3.0
--X------,0.0
--X-----O,3.0
--X----O-,3.0
--X----OX,3.0
--X----XO,0.0
--X---O--,0.0
--X---O-X,0.0
--X---OOX,5.0
--X---OX-,0.0
--X---OXO,3.0
--X---X-O,0.0
--X---XO-,0.0
--X---XOO,5.0
--X--O---,0.0
--X--O--X,0.0
--X--O-OX,3.0
--X--O-X-,0.0
--X--O-XO,3.0
--X--OO-X,0.0
--X--OOX-,0.0
--X--OOXX,0.0
--X--OX--,0.0
--X--OX-O,5.0
--X--OXO-,5.0
--X--OXOX,-2.0
--X--OXXO,-2.0
--X--X--O,-2.0
--X--X-O-,-2.0
--X--X-OO,-2.0
--X--XO--,0.0
--X--XO-O,0.0
--X--XOO-,5.0
--X--XOOX,5.0
--X--XOXO,0.0
--X--XXOO,-2.0
--X-O----,0.0
--X-O---X,0.0
--X-O--OX,5.0
--X-O--X-,0.0
--X-O--XO,0.0
--X-O-O-X,5.0
--X-O-OX-,0.0
--X-O-OXX,0.0
--X-O-X--,0.0
--X-O-X-O,0.0
--X-O-XO-,0.0
--X-O-XOX,-2.0
--X-O-XXO,-4.0
--X-OO--X,0.0
--X-OO-X-,0.0
--X-OO-XX,0.0
--X-OOOXX,0.0
--X-OOX--,0.0
--X-OOX-X,-2.0
--X-OOXOX,-2.0
--X-OOXX-,-2.0
--X-OOXXO,-2.0
--X-OX---,-1.0
--X-OX--O,-1.0
--X-OX-O-,5.0
--X-OX-OX,5.0
--X-OX-XO,-4.0
--X-OXO--,5.0
--X-OXO-X,5.0
--X-OXOOX,4.0
--X-OXOX-,0.0
--X-OXOXO,0.0
--X-OXX-O,-4.0
--X-OXXO-,-2.0
--X-OXXOO,-2.0
--X-X---O,0.0
--X-X--O-,3.0
--X-X--OO,5.0
--X-X-O--,0.0
--X-X-O-O,0.0
--X-X-OO-,3.0
--X-X-OOX,3.0
--X-X-OXO,0.0
--X-X-XOO,5.0
--X-XO---,0.0
--X-XO--O,5.0
--X-XO-O-,5.0
--X-XO-OX,3.0
--X-XO-XO,3.0
--X-XOO--,0.0
--X-XOO-X,0.0
--X-XOOOX,3.0
--X-XOOX-,0.0
--X-XOOXO,3.0
--X-XOX-O,5.0
--X-XOXO-,5.0
--X-XOXOO,4.0
--X-XX-OO,-4.0
--X-XXO-O,-4.0
--X-XXOO-,-4.0
--X-XXOOO,-4.0
--XO-----,3.0
--XO----X,0.0
--XO---OX,5.0
--XO---X-,1.0
--XO---XO,3.0
--XO--O-X,5.0
--XO--OX-,1.0
--XO--OXX,0.0
--XO--X--,2.0
--XO--X-O,5.0
--XO--XO-,5.0
--XO--XOX,3.0
--XO--XXO,-2.0
--XO-O--X,3.0
--XO-O-X-,3.0
--XO-O-XX,0.0
--XO-OOXX,0.0
--XO-OX--,5.0
--XO-OX-X,0.0
--XO-OXOX,3.0
--XO-OXX-,0.0
--XO-OXXO,3.0
--XO-X---,0.0
--XO-X--O,0.0
--XO-X-O-,5.0
--XO-X-OX,5.0
--XO-X-XO,0.0
--XO-XO--,5.0
--XO-XO-X,5.0
--XO-XOOX,4.0
--XO-XOX-,0.0
--XO-XOXO,0.0
--XO-XX-O,0.0
--XO-XXO-,3.0
--XO-XXOO,3.0
--XOO---X,5.0
--XOO--X-,2.0
--XOO--XX,2.0
--XOO-OXX,3.0
--XOO-X--,2.0
--XOO-X-X,2.0
--XOO-XOX,3.0
--XOO-XX-,-2.0
--XOO-XXO,-2.0
--XOOO-XX,2.0
--XOOOX-X,2.0
--XOOOXX-,2.0
--XOOOXXX,3.0
--XOOX---,5.0
--XOOX--X,5.0
--XOOX-OX,4.0
--XOOX-X-,0.0
--XOOX-XO,0.0
--XOOXO-X,4.0
--XOOXOX-,3.0
--XOOXOXX,3.0
--XOOXX--,0.0
--XOOXX-O,0.0
--XOOXXO-,3.0
--XOOXXOX,3.0
--XOOXXXO,-2.0
--XOX----,2.0
--XOX---O,5.0
--XOX--O-,5.0
--XOX--XO,3.0
--XOX-O--,2.0
--XOX-O-X,2.0
--XOX-OOX,3.0
--XOX-OX-,0.0
--XOX-OXO,3.0
--XOX-X-O,5.0
--XOX-XO-,5.0
--XOX-XOO,4.0
--XOXO---,5.0
--XOXO--X,3.0
--XOXO-OX,3.0
--XOXO-X-,3.0
--XOXO-XO,3.0
--XOXOO-X,3.0
--XOXOOX-,3.0
--XOXOOXX,0.0
--XOXOX--,5.0
--XOXOX-O,4.0
--XOXOXO-,4.0
--XOXOXOX,3.0
--XOXOXXO,3.0
--XOXX--O,0.0
--XOXX-O-,0.0
--XOXX-OO,3.0
--XOXXO--,0.0
--XOXXO-O,0.0
--XOXXOO-,3.0
--XOXXOOX,3.0
--XOXXOXO,0.0
--XOXXXOO,3.0
--XX----O,-1.0
--XX---O-,-1.0
--XX---OO,-1.0
--XX--O--,0.0
--XX--O-O,0.0
--XX--OO-,1.0
--XX--OOX,1.0
--XX--OXO,0.0
--XX--XOO,-1.0
--XX-O---,0.0
--XX-O--O,3.0
--XX-O-O-,1.0
--XX-O-OX,0.0
--XX-O-XO,1.0
--XX-OO--,0.0
--XX-OO-X,0.0
--XX-OOOX,1.0
--XX-OOX-,0.0
--XX-OOXO,1.0
--XX-OX-O,3.0
--XX-OXO-,0.0
--XX-OXOO,3.0
--XX-X-OO,-4.0
--XX-XO-O,-4.0
--XX-XOO-,-4.0
--XX-XOOO,-4.0
--XXO----,-1.0
--XXO---O,-1.0
--XXO--O-,0.0
--XXO--OX,0.0
--XXO--XO,-4.0
--XXO-O--,0.0
--XXO-O-X,0.0
--XXO-OOX,3.0
--XXO-OX-,0.0
--XXO-OXO,0.0
--XXO-X-O,-4.0
--XXO-XO-,-4.0
--XXO-XOO,-1.0
--XXOO---,0.0
--XXOO--X,0.0
--XXOO-OX,0.0
--XXOO-X-,0.0
--XXOO-XO,1.0
--XXOOO-X,0.0
--XXOOOX-,0.0
--XXOOOXX,0.0
--XXOOX--,0.0
--XXOOX-O,3.0
--XXOOXO-,0.0
--XXOOXOX,-2.0
--XXOOXXO,-2.0
--XXOX--O,-4.0
--XXOX-O-,-2.0
--XXOX-OO,-2.0
--XXOXO--,-2.0
--XXOXO-O,-2.0
--XXOXOO-,3.0
--XXOXOOX,3.0
--XXOXOXO,-2.0
--XXOXXOO,-2.0
--XXX--OO,-4.0
--XXX-O-O,-4.0
--XXX-OO-,-4.0
--XXX-OOO,-4.0
--XXXO--O,0.0
--XXXO-O-,0.0
--XXXO-OO,3.0
--XXXOO--,0.0
--XXXOO-O,0.0
--XXXOOO-,0.0
--XXXOOOX,0.0
--XXXOOXO,0.0
--XXXOXOO,3.0
--XXXXOOO,-3.0
-O------X,3.0
-O-----X-,0.0
-O-----XX,0.0
-O----OXX,0.0
-O----X--,3.0
-O----X-X,2.0
-O----XOX,2.0
-O----XX-,0.0
-O----XXO,0.0
-O---O-XX,5.0
-O---OX-X,5.0
-O---OXX-,5.0
-O---OXXX,5.0
-O---X---,3.0
-O---X--X,2.0
-O---X-OX,5.0
-O---X-X-,0.0
-O---X-XO,0.0
-O---XO-X,5.0
-O---XOX-,0.0
-O---XOXX,0.0
-O---XX--,0.0
-O---XX-O,3.0
-O---XXO-,3.0
-O---XXOX,0.0
-O---XXXO,0.0
-O--O--XX,5.0
-O--O-X-X,5.0
-O--O-XX-,5.0
-O--O-XXX,5.0
-O--OOXXX,4.0
-O--OX--X,5.0
-O--OX-X-,3.0
-O--OX-XX,3.0
-O--OXOXX,3.0
-O--OXX--,2.0
-O--OXX-X,2.0
-O--OXXOX,2.0
-O--OXXX-,0.0
-O--OXXXO,0.0
-O--X----,3.0
-O--X---X,2.0
-O--X--OX,3.0
-O--X--X-,0.0
-O--X--XO,0.0
-O--X-O-X,5.0
-O--X-OX-,0.0
-O--X-OXX,0.0
-O--X-X--,2.0
-O--X-X-O,5.0
-O--X-XO-,5.0
-O--X-XOX,0.0
-O--X-XXO,0.0
-O--XO--X,5.0
-O--XO-X-,3.0
-O--XO-XX,3.0
-O--XOOXX,3.0
-O--XOX--,5.0
-O--XOX-X,0.0
-O--XOXOX,3.0
-O--XOXX-,0.0
-O--XOXXO,3.0
-O--XX---,3.0
-O--XX--O,5.0
-O--XX-O-,5.0
-O--XX-OX,3.0
-O--XX-XO,0.0
-O--XXO--,5.0
-O--XXO-X,0.0
-O--XXOOX,3.0
-O--XXOX-,0.0
-O--XXOXO,3.0
-O--XXX-O,3.0
-O--XXXO-,3.0
-O--XXXOO,3.0
-O-O---XX,5.0
-O-O--X-X,5.0
-O-O--XX-,5.0
-O-O--XXX,5.0
-O-O-OXXX,4.0
-O-O-X--X,5.0
-O-O-X-X-,3.0
-O-O-X-XX,3.0
-O-O-XOXX,3.0
-O-O-XX--,1.0
-O-O-XX-X,3.0
-O-O-XXOX,3.0
-O-O-XXX-,0.0
-O-O-XXXO,0.0
-O-OO-XXX,4.0
-O-OOX-XX,3.0
-O-OOXX-X,3.0
-O-OOXXX-,1.0
-O-OOXXXX,3.0
-O-OX---X,3.0
-O-OX--X-,3.0
-O-OX--XX,3.0
-O-OX-OXX,3.0
-O-OX-X--,5.0
-O-OX-X-X,0.0
-O-OX-XOX,3.0
-O-OX-XX-,3.0
-O-OX-XXO,3.0
-O-OXO-XX,3.0
-O-OXOX-X,3.0
-O-OXOXX-,3.0
-O-OXOXXX,3.0
-O-OXX---,3.0
-O-OXX--X,3.0
-O-OXX-OX,3.0
-O-OXX-X-,0.0
-O-OXX-XO,0.0
-O-OXXO-X,3.0
-O-OXXOX-,0.0
-O-OXXOXX,0.0
-O-OXXX--,0.0
-O-OXXX-O,3.0
-O-OXXXO-,3.0
-O-OXXXOX,0.0
-O-OXXXXO,0.0
-O-X-----,2.0
-O-X----X,0.0
-O-X---OX,3.0
-O-X---X-,0.0
-O-X---XO,0.0
-O-X--O-X,3.0
-O-X--OX-,0.0
-O-X--OXX,0.0
-O-X--X--,2.0
-O-X--X-O,5.0
-O-X--XO-,3.0
-O-X--XOX,-2.0
-O-X--XXO,0.0
-O-X-O--X,1.0
-O-X-O-X-,1.0
-O-X-O-XX,0.0
-O-X-OOXX,0.0
-O-X-OX--,5.0
-O-X-OX-X,1.0
-O-X-OXOX,1.0
-O-X-OXX-,1.0
-O-X-OXXO,1.0
-O-X-X---,0.0
-O-X-X--O,5.0
-O-X-X-O-,5.0
-O-X-X-OX,0.0
-O-X-X-XO,0.0
-O-X-XO--,5.0
-O-X-XO-X,3.0
-O-X-XOOX,3.0
-O-X-XOX-,0.0
-O-X-XOXO,3.0
-O-X-XX-O,-1.0
-O-X-XXO-,-4.0
-O-X-XXOO,3.0
-O-XO---X,0.0
-O-XO--X-,3.0
-O-XO--XX,0.0
-O-XO-OXX,0.0
-O-XO-X--,3.0
-O-XO-X-X,-4.0
-O-XO-XOX,-4.0
-O-XO-XX-,3.0
-O-XO-XXO,3.0
-O-XOO-XX,3.0
-O-XOOX-X,3.0
-O-XOOXX-,3.0
-O-XOOXXX,3.0
-O-XOX---,0.0
-O-XOX--X,-2.0
-O-XOX-OX,2.0
-O-XOX-X-,0.0
-O-XOX-XO,0.0
-O-XOXO-X,3.0
-O-XOXOX-,0.0
-O-XOXOXX,-2.0
-O-XOXX--,-4.0
-O-XOXX-O,-1.0
-O-XOXXO-,-4.0
-O-XOXXOX,-3.0
-O-XOXXXO,-2.0
-O-XX----,0.0
-O-XX---O,5.0
-O-XX--O-,5.0
-O-XX--OX,3.0
-O-XX--XO,0.0
-O-XX-O--,5.0
-O-XX-O-X,0.0
-O-XX-OOX,3.0
-O-XX-OX-,0.0
-O-XX-OXO,3.0
-O-XX-X-O,3.0
-O-XX-XO-,3.0
-O-XX-XOO,3.0
-O-XXO---,0.0
-O-XXO--X,0.0
-O-XXO-OX,3.0
-O-XXO-X-,0.0
-O-XXO-XO,0.0
-O-XXOO-X,3.0
-O-XXOOX-,0.0
-O-XXOOXX,0.0
-O-XXOX--,0.0
-O-XXOX-O,3.0
-O-XXOXO-,3.0
-O-XXOXOX,1.0
-O-XXOXXO,-2.0
-O-XXX--O,5.0
-O-XXX-O-,5.0
-O-XXX-OO,4.0
-O-XXXO--,5.0
-O-XXXO-O,4.0
-O-XXXOO-,4.0
-O-XXXOOX,3.0
-O-XXXOXO,3.0
-O-XXXXOO,3.0
-OO----XX,5.0
-OO---X-X,5.0
-OO---XX-,5.0
-OO---XXX,5.0
-OO--OXXX,4.0
-OO--X--X,2.0
-OO--X-X-,1.0
-OO--X-XX,0.0
-OO--XOXX,0.0
-OO--XX--,1.0
-OO--XX-X,0.0
-OO--XXOX,0.0
-OO--XXX-,-1.0
-OO--XXXO,0.0
-OO-O-XXX,4.0
-OO-OX-XX,3.0
-OO-OXX-X,3.0
-OO-OXXX-,3.0
-OO-OXXXX,3.0
-OO-X---X,5.0
-OO-X--X-,2.0
-OO-X--XX,2.0
-OO-X-OXX,3.0
-OO-X-X--,2.0
-OO-X-X-X,2.0
-OO-X-XOX,3.0
-OO-X-XX-,0.0
-OO-X-XXO,0.0
-OO-XO-XX,3.0
-OO-XOX-X,3.0
-OO-XOXX-,1.0
-OO-XOXXX,3.0
-OO-XX---,5.0
-OO-XX--X,2.0
-OO-XX-OX,3.0
-OO-XX-X-,0.0
-OO-XX-XO,3.0
-OO-XXO-X,3.0
-OO-XXOX-,3.0
-OO-XXOXX,0.0
-OO-XXX--,0.0
-OO-XXX-O,3.0
-OO-XXXO-,3.0
-OO-XXXOX,0.0
-OO-XXXXO,0.0
-OOO--XXX,4.0
-OOO-X-XX,3.0
-OOO-XX-X,3.0
-OOO-XXX-,3.0
-OOO-XXXX,3.0
-OOOOXXXX,2.0
-OOOX--XX,3.0
-OOOX-X-X,3.0
-OOOX-XX-,3.0
-OOOX-XXX,3.0
-OOOXOXXX,2.0
-OOOXX--X,3.0
-OOOXX-X-,0.0
-OOOXX-XX,0.0
-OOOXXOXX,1.0
-OOOXXX--,0.0
-OOOXXX-X,0.0
-OOOXXXOX,1.0
-OOOXXXX-,0.0
-OOOXXXXO,0.0
-OOX----X,2.0
-OOX---X-,1.0
-OOX---XX,0.0
-OOX--OXX,0.0
-OOX--X--,5.0
-OOX--X-X,-1.0
-OOX--XOX,0.0
-OOX--XX-,-1.0
-OOX--XXO,0.0
-OOX-O-XX,3.0
-OOX-OX-X,3.0
-OOX-OXX-,3.0
-OOX-OXXX,3.0
-OOX-X---,5.0
-OOX-X--X,-2.0
-OOX-X-OX,3.0
-OOX-X-X-,0.0
-OOX-X-XO,3.0
-OOX-XO-X,3.0
-OOX-XOX-,3.0
-OOX-XOXX,-2.0
-OOX-XX--,0.0
-OOX-XX-O,3.0
-OOX-XXO-,3.0
-OOX-XXOX,-2.0
-OOX-XXXO,0.0
-OOXO--XX,3.0
-OOXO-X-X,3.0
-OOXO-XX-,3.0
-OOXO-XXX,3.0
-OOXOOXXX,2.0
-OOXOX--X,-2.0
-OOXOX-X-,0.0
-OOXOX-XX,-2.0
-OOXOXOXX,-2.0
-OOXOXX--,0.0
-OOXOXX-X,-2.0
-OOXOXXOX,-2.0
-OOXOXXX-,0.0
-OOXOXXXO,1.0
-OOXX----,5.0
-OOXX---X,2.0
-OOXX--OX,3.0
-OOXX--X-,0.0
-OOXX--XO,3.0
-OOXX-O-X,3.0
-OOXX-OX-,3.0
-OOXX-OXX,0.0
-OOXX-X--,0.0
-OOXX-X-O,3.0
-OOXX-XO-,3.0
-OOXX-XOX,0.0
-OOXX-XXO,-2.0
-OOXXO--X,3.0
-OOXXO-X-,0.0
-OOXXO-XX,0.0
-OOXXOOXX,1.0
-OOXXOX--,0.0
-OOXXOX-X,0.0
-OOXXOXOX,1.0
-OOXXOXX-,-2.0
-OOXXOXXO,-2.0
-OOXXX---,5.0
-OOXXX--O,4.0
-OOXXX-O-,4.0
-OOXXX-OX,3.0
-OOXXX-XO,3.0
-OOXXXO--,4.0
-OOXXXO-X,3.0
-OOXXXOOX,2.0
-OOXXXOX-,3.0
-OOXXXOXO,2.0
-OOXXXX-O,3.0
-OOXXXXO-,3.0
-OOXXXXOO,2.0
-OX------,3.0
-OX-----X,3.0
-OX----OX,5.0
-OX----X-,0.0
-OX----XO,0.0
-OX---O-X,5.0
-OX---OX-,0.0
-OX---OXX,0.0
-OX---X--,2.0
-OX---X-O,5.0
-OX---XO-,5.0
-OX---XOX,2.0
-OX---XXO,0.0
-OX--O--X,3.0
-OX--O-X-,3.0
-OX--O-XX,0.0
-OX--OOXX,0.0
-OX--OX--,5.0
-OX--OX-X,0.0
-OX--OXOX,3.0
-OX--OXX-,3.0
-OX--OXXO,3.0
-OX--X---,0.0
-OX--X--O,0.0
-OX--X-O-,1.0
-OX--X-OX,5.0
-OX--X-XO,0.0
-OX--XO--,5.0
-OX--XO-X,5.0
-OX--XOOX,4.0
-OX--XOX-,0.0
-OX--XOXO,0.0
-OX--XX-O,-2.0
-OX--XXO-,2.0
-OX--XXOO,3.0
-OX-O---X,5.0
-OX-O--X-,3.0
-OX-O--XX,3.0
-OX-O-OXX,3.0
-OX-O-X--,2.0
-OX-O-X-X,2.0
-OX-O-XOX,2.0
-OX-O-XX-,0.0
-OX-O-XXO,0.0
-OX-OO-XX,3.0
-OX-OOX-X,3.0
-OX-OOXX-,3.0
-OX-OOXXX,3.0
-OX-OX---,5.0
-OX-OX--X,5.0
-OX-OX-OX,4.0
-OX-OX-X-,0.0
-OX-OX-XO,0.0
-OX-OXO-X,4.0
-OX-OXOX-,3.0
-OX-OXOXX,3.0
-OX-OXX--,0.0
-OX-OXX-O,-2.0
-OX-OXXO-,2.0
-OX-OXXOX,3.0
-OX-OXXXO,-2.0
-OX-X----,3.0
-OX-X---O,5.0
-OX-X--O-,5.0
-OX-X--OX,0.0
-OX-X--XO,0.0
-OX-X-O--,3.0
-OX-X-O-X,3.0
-OX-X-OOX,3.0
-OX-X-OX-,0.0
-OX-X-OXO,0.0
-OX-X-X-O,5.0
-OX-X-XO-,5.0
-OX-X-XOO,4.0
-OX-XO---,5.0
-OX-XO--X,3.0
-OX-XO-OX,3.0
-OX-XO-X-,0.0
-OX-XO-XO,3.0
-OX-XOO-X,3.0
-OX-XOOX-,0.0
-OX-XOOXX,0.0
-OX-XOX--,5.0
-OX-XOX-O,4.0
-OX-XOXO-,4.0
-OX-XOXOX,3.0
-OX-XOXXO,3.0
-OX-XX--O,0.0
-OX-XX-O-,0.0
-OX-XX-OO,3.0
-OX-XXO--,0.0
-OX-XXO-O,0.0
-OX-XXOO-,3.0
-OX-XXOOX,3.0
-OX-XXOXO,0.0
-OX-XXXOO,3.0
-OXO----X,5.0
-OXO---X-,3.0
-OXO---XX,3.0
-OXO--OXX,3.0
-OXO--X--,5.0
-OXO--XOX,3.0
-OXO--XX-,0.0
-OXO--XXO,3.0
-OXO-O-XX,3.0
-OXO-OX-X,3.0
-OXO-OXX-,3.0
-OXO-OXXX,3.0
-OXO-X---,5.0
-OXO-X--X,5.0
-OXO-X-OX,4.0
-OXO-X-X-,0.0
-OXO-X-XO,0.0
-OXO-XO-X,4.0
-OXO-XOX-,3.0
-OXO-XOXX,3.0
-OXO-XX--,1.0
-OXO-XX-O,3.0
-OXO-XXO-,3.0
-OXO-XXOX,3.0
-OXO-XXXO,0.0
-OXOO--XX,3.0
-OXOO-X-X,3.0
-OXOO-XX-,1.0
-OXOO-XXX,3.0
-OXOOOXXX,2.0
-OXOOX--X,4.0
-OXOOX-X-,3.0
-OXOOX-XX,3.0
-OXOOXOXX,2.0
-OXOOXX--,3.0
-OXOOXX-X,3.0
-OXOOXXOX,2.0
-OXOOXXX-,0.0
-OXOOXXXO,0.0
-OXOX----,5.0
-OXOX---X,0.0
-OXOX--X-,0.0
-OXOX--XO,3.0
-OXOX-O-X,3.0
-OXOX-OX-,0.0
-OXOX-OXX,0.0
-OXOX-X--,5.0
-OXOX-X-O,4.0
-OXOX-XO-,4.0
-OXOX-XXO,3.0
-OXOXO--X,3.0
-OXOXO-X-,3.0
-OXOXO-XX,1.0
-OXOXOOXX,1.0
-OXOXOX--,4.0
-OXOXOX-X,3.0
-OXOXOXOX,2.0
-OXOXOXX-,3.0
-OXOXOXXO,2.0
-OXOXX---,3.0
-OXOXX--O,3.0
-OXOXX-O-,3.0
-OXOXX-OX,3.0
-OXOXX-XO,0.0
-OXOXXO--,3.0
-OXOXXO-X,3.0
-OXOXXOOX,2.0
-OXOXXOX-,0.0
-OXOXXOXO,0.0
-OXOXXX-O,3.0
-OXOXXXO-,3.0
-OXOXXXOO,2.0
-OXX-----,0.0
-OXX----O,0.0
-OXX---O-,1.0
-OXX---OX,1.0
-OXX---XO,0.0
-OXX--O--,0.0
-OXX--O-X,0.0
-OXX--OOX,3.0
-OXX--OX-,0.0
-OXX--OXO,0.0
-OXX--X-O,0.0
-OXX--XO-,-2.0
-OXX--XOO,3.0
-OXX-O---,1.0
-OXX-O--X,0.0
-OXX-O-OX,1.0
-OXX-O-X-,0.0
-OXX-O-XO,1.0
-OXX-OO-X,0.0
-OXX-OOX-,0.0
-OXX-OOXX,0.0
-OXX-OX--,1.0
-OXX-OX-O,3.0
-OXX-OXO-,3.0
-OXX-OXOX,0.0
-OXX-OXXO,1.0
-OXX-X--O,-2.0
-OXX-X-O-,-1.0
-OXX-X-OO,-1.0
-OXX-XO--,0.0
-OXX-XO-O,0.0
-OXX-XOO-,3.0
-OXX-XOOX,3.0
-OXX-XOXO,0.0
-OXX-XXOO,-2.0
-OXXO----,0.0
-OXXO---X,0.0
-OXXO--OX,2.0
-OXXO--X-,0.0
-OXXO--XO,0.0
-OXXO-O-X,3.0
-OXXO-OX-,0.0
-OXXO-OXX,0.0
-OXXO-X--,-2.0
-OXXO-X-O,-1.0
-OXXO-XO-,-4.0
-OXXO-XOX,-3.0
-OXXO-XXO,-2.0
-OXXOO--X,0.0
-OXXOO-X-,1.0
-OXXOO-XX,0.0
-OXXOOOXX,0.0
-OXXOOX--,1.0
-OXXOOX-X,-2.0
-OXXOOXOX,-2.0
-OXXOOXX-,1.0
-OXXOOXXO,1.0
-OXXOX---,-2.0
-OXXOX--O,-2.0
-OXXOX-O-,2.0
-OXXOX-OX,3.0
-OXXOX-XO,-2.0
-OXXOXO--,3.0
-OXXOXO-X,3.0
-OXXOXOOX,2.0
-OXXOXOX-,0.0
-OXXOXOXO,0.0
-OXXOXX-O,-2.0
-OXXOXXO-,-3.0
-OXXOXXOO,-2.0
-OXXX---O,0.0
-OXXX--O-,1.0
-OXXX--OO,3.0
-OXXX-O--,0.0
-OXXX-O-O,0.0
-OXXX-OO-,1.0
-OXXX-OOX,1.0
-OXXX-OXO,0.0
-OXXX-XOO,3.0
-OXXXO---,0.0
-OXXXO--O,3.0
-OXXXO-O-,3.0
-OXXXO-OX,1.0
-OXXXO-XO,0.0
-OXXXOO--,0.0
-OXXXOO-X,0.0
-OXXXOOOX,1.0
-OXXXOOX-,0.0
-OXXXOOXO,0.0
-OXXXOX-O,3.0
-OXXXOXO-,3.0
-OXXXOXOO,2.0
-OXXXX-OO,-1.0
-OXXXXO-O,-1.0
-OXXXXOOO,-2.0
-X-------,0.0
-X------O,3.0
-X-----O-,0.0
-X-----OX,0.0
-X-----XO,-2.0
-X----O--,0.0
-X----O-X,0.0
-X----OOX,3.0
-X----OX-,0.0
-X----OXO,5.0
-X----X-O,-1.0
-X----XO-,0.0
-X----XOO,3.0
-X---O---,0.0
-X---O--X,0.0
-X---O-OX,1.0
-X---O-X-,-2.0
-X---O-XO,-1.0
-X---OO-X,3.0
-X---OOX-,5.0
-X---OOXX,-2.0
-X---OX--,-1.0
-X---OX-O,-1.0
-X---OXO-,1.0
-X---OXOX,0.0
-X---OXXO,-4.0
-X---X--O,-2.0
-X---X-O-,0.0
-X---X-OO,1.0
-X---XO--,-2.0
-X---XO-O,-2.0
-X---XOO-,1.0
-X---XOOX,1.0
-X---XOXO,-2.0
-X---XXOO,1.0
-X--O----,0.0
-X--O---X,0.0
-X--O--OX,0.0
-X--O--X-,-2.0
-X--O--XO,-1.0
-X--O-O-X,0.0
-X--O-OX-,0.0
-X--O-OXX,-4.0
-X--O-X--,-1.0
-X--O-X-O,-1.0
-X--O-XO-,0.0
-X--O-XOX,0.0
-X--O-XXO,-4.0
-X--OO--X,0.0
-X--OO-X-,-2.0
-X--OO-XX,-2.0
-X--OOOXX,-2.0
-X--OOX--,0.0
-X--OOX-X,0.0
-X--OOXOX,0.0
-X--OOXX-,-2.0
-X--OOXXO,-2.0
-X--OX---,-1.0
-X--OX--O,-1.0
-X--OX-O-,0.0
-X--OX-OX,0.0
-X--OX-XO,-4.0
-X--OXO--,-1.0
-X--OXO-X,-4.0
-X--OXOOX,3.0
-X--OXOX-,-4.0
-X--OXOXO,-2.0
-X--OXX-O,-4.0
-X--OXXO-,0.0
-X--OXXOO,1.0
-X--X---O,0.0
-X--X--O-,0.0
-X--X--OO,0.0
-X--X-O--,0.0
-X--X-O-O,5.0
-X--X-OO-,0.0
-X--X-OOX,0.0
-X--X-OXO,5.0
-X--X-XOO,0.0
-X--XO---,0.0
-X--XO--O,3.0
-X--XO-O-,0.0
-X--XO-OX,0.0
-X--XO-XO,-3.0
-X--XOO--,5.0
-X--XOO-X,3.0
-X--XOOOX,3.0
-X--XOOX-,5.0
-X--XOOXO,4.0
-X--XOX-O,-4.0
-X--XOXO-,0.0
-X--XOXOO,3.0
-X--XX-OO,-4.0
-X--XXO-O,-4.0
-X--XXOO-,-4.0
-X--XXOOO,-4.0
-X-O-----,2.0
-X-O----X,0.0
-X-O---OX,1.0
-X-O---X-,0.0
-X-O---XO,2.0
-X-O--O-X,2.0
-X-O--OX-,5.0
-X-O--OXX,-2.0
-X-O--X--,0.0
-X-O--X-O,0.0
-X-O--XO-,1.0
-X-O--XOX,0.0
-X-O--XXO,-2.0
-X-O-O--X,2.0
-X-O-O-X-,5.0
-X-O-O-XX,2.0
-X-O-OOXX,3.0
-X-O-OX--,1.0
-X-O-OX-X,1.0
-X-O-OXOX,1.0
-X-O-X---,0.0
-X-O-X--O,0.0
-X-O-X-O-,1.0
-X-O-X-OX,0.0
-X-O-X-XO,0.0
-X-O-XO--,1.0
-X-O-XO-X,0.0
-X-O-XOOX,3.0
-X-O-XOX-,0.0
-X-O-XOXO,3.0
-X-O-XX-O,0.0
-X-O-XXO-,0.0
-X-O-XXOO,1.0
-X-OO---X,0.0
-X-OO--X-,0.0
-X-OO--XX,-2.0
-X-OO-OXX,-2.0
-X-OO-X--,0.0
-X-OO-X-X,0.0
-X-OO-XOX,0.0
-X-OO-XX-,-2.0
-X-OO-XXO,-2.0
-X-OOO-XX,2.0
-X-OOOX-X,2.0
-X-OOOXXX,3.0
-X-OOX---,3.0
-X-OOX--X,0.0
-X-OOX-OX,3.0
-X-OOX-X-,0.0
-X-OOX-XO,0.0
-X-OOXO-X,3.0
-X-OOXOX-,0.0
-X-OOXOXX,-2.0
-X-OOXX--,0.0
-X-OOXX-O,0.0
-X-OOXXO-,1.0
-X-OOXXOX,0.0
-X-OOXXXO,-2.0
-X-OX----,0.0
-X-OX---O,5.0
-X-OX--O-,0.0
-X-OX--OX,0.0
-X-OX--XO,5.0
-X-OX-O--,5.0
-X-OX-O-X,2.0
-X-OX-OOX,3.0
-X-OX-OX-,5.0
-X-OX-OXO,4.0
-X-OX-X-O,0.0
-X-OX-XO-,0.0
-X-OX-XOO,3.0
-X-OXO---,5.0
-X-OXO--X,0.0
-X-OXO-OX,3.0
-X-OXO-X-,5.0
-X-OXO-XO,4.0
-X-OXOO-X,3.0
-X-OXOOX-,4.0
-X-OXOOXX,3.0
-X-OXOX--,1.0
-X-OXOX-O,3.0
-X-OXOXO-,3.0
-X-OXOXOX,1.0
-X-OXOXXO,-1.0
-X-OXX--O,0.0
-X-OXX-O-,0.0
-X-OXX-OO,0.0
-X-OXXO--,0.0
-X-OXXO-O,3.0
-X-OXXOO-,0.0
-X-OXXOOX,0.0
-X-OXXOXO,3.0
-X-OXXXOO,0.0
-X-X----O,-1.0
-X-X---O-,0.0
-X-X---OO,1.0
-X-X--O--,-1.0
-X-X--O-O,0.0
-X-X--OO-,1.0
-X-X--OOX,1.0
-X-X--OXO,-2.0
-X-X--XOO,1.0
-X-X-O---,0.0
-X-X-O--O,1.0
-X-X-O-O-,0.0
-X-X-O-OX,0.0
-X-X-O-XO,-4.0
-X-X-OO--,0.0
-X-X-OO-X,0.0
-X-X-OOOX,1.0
-X-X-OOX-,-1.0
-X-X-OOXO,1.0
-X-X-OX-O,-4.0
-X-X-OXO-,0.0
-X-X-OXOO,1.0
-X-X-X-OO,-4.0
-X-X-XO-O,-4.0
-X-X-XOO-,-4.0
-X-X-XOOO,-4.0
-X-XO----,-1.0
-X-XO---O,-1.0
-X-XO--O-,0.0
-X-XO--OX,0.0
-X-XO--XO,-4.0
-X-XO-O--,0.0
-X-XO-O-X,-4.0
-X-XO-OOX,1.0
-X-XO-OX-,-4.0
-X-XO-OXO,-2.0
-X-XO-X-O,-4.0
-X-XO-XO-,0.0
-X-XO-XOO,3.0
-X-XOO---,0.0
-X-XOO--X,0.0
-X-XOO-OX,1.0
-X-XOO-X-,-2.0
-X-XOO-XO,0.0
-X-XOOO-X,0.0
-X-XOOOX-,0.0
-X-XOOOXX,-2.0
-X-XOOX--,-1.0
-X-XOOX-O,-1.0
-X-XOOXO-,3.0
-X-XOOXOX,0.0
-X-XOOXXO,-2.0
-X-XOX--O,-4.0
-X-XOX-O-,-2.0
-X-XOX-OO,-2.0
-X-XOXO--,-4.0
-X-XOXO-O,0.0
-X-XOXOOX,-2.0
-X-XOXOXO,-2.0
-X-XOXXOO,-2.0
-X-XX--OO,-4.0
-X-XX-O-O,-4.0
-X-XX-OO-,-4.0
-X-XX-OOO,-4.0
-X-XXO--O,-4.0
-X-XXO-O-,-2.0
-X-XXO-OO,-2.0
-X-XXOO--,-1.0
-X-XXOO-O,-1.0
-X-XXOOO-,0.0
-X-XXOOOX,0.0
-X-XXOOXO,-1.0
-X-XXOXOO,-2.0
-X-XXXOOO,-3.0
-XO------,0.0
-XO-----X,0.0
-XO----OX,0.0
-XO----X-,-2.0
-XO----XO,-2.0
-XO---O-X,3.0
-XO---OX-,5.0
-XO---OXX,-4.0
-XO---X--,0.0
-XO---X-O,0.0
-XO---XO-,0.0
-XO---XOX,0.0
-XO---XXO,-4.0
-XO--O--X,3.0
-XO--O-X-,1.0
-XO--O-XX,3.0
-XO--OOXX,3.0
-XO--OX--,1.0
-XO--OX-X,1.0
-XO--OXOX,1.0
-XO--OXX-,-4.0
-XO--OXXO,-4.0
-XO--X---,0.0
-XO--X--O,0.0
-XO--X-O-,0.0
-XO--X-OX,0.0
-XO--X-XO,-2.0
-XO--XO--,1.0
-XO--XO-X,-4.0
-XO--XOOX,1.0
-XO--XOX-,-4.0
-XO--XOXO,3.0
-XO--XX-O,0.0
-XO--XXO-,0.0
-XO--XXOO,1.0
-XO-O---X,0.0
-XO-O--X-,-2.0
-XO-O--XX,-4.0
-XO-O-OXX,-4.0
-XO-O-X--,0.0
-XO-O-X-X,0.0
-XO-O-XOX,0.0
-XO-O-XX-,-2.0
-XO-O-XXO,-2.0
-XO-OO-XX,3.0
-XO-OOX-X,3.0
-XO-OOXX-,3.0
-XO-OOXXX,3.0
-XO-OX---,0.0
-XO-OX--X,-4.0
-XO-OX-OX,0.0
-XO-OX-X-,-4.0
-XO-OX-XO,-2.0
-XO-OXO-X,-4.0
-XO-OXOX-,-4.0
-XO-OXOXX,-3.0
-XO-OXX--,0.0
-XO-OXX-O,0.0
-XO-OXXO-,0.0
-XO-OXXOX,0.0
-XO-OXXXO,-2.0
-XO-X----,0.0
-XO-X---O,0.0
-XO-X--O-,0.0
-XO-X--OX,0.0
-XO-X--XO,-3.0
-XO-X-O--,5.0
-XO-X-O-X,3.0
-XO-X-OOX,3.0
-XO-X-OX-,5.0
-XO-X-OXO,4.0
-XO-X-X-O,-4.0
-XO-X-XO-,0.0
-XO-X-XOO,0.0
-XO-XO---,3.0
-XO-XO--X,3.0
-XO-XO-OX,3.0
-XO-XO-X-,-3.0
-XO-XO-XO,-4.0
-XO-XOO-X,3.0
-XO-XOOX-,4.0
-XO-XOOXX,3.0
-XO-XOX--,-4.0
-XO-XOX-O,-4.0
-XO-XOXO-,0.0
-XO-XOXOX,0.0
-XO-XOXXO,-3.0
-XO-XX--O,0.0
-XO-XX-O-,0.0
-XO-XX-OO,0.0
-XO-XXO--,1.0
-XO-XXO-O,3.0
-XO-XXOO-,1.0
-XO-XXOOX,1.0
-XO-XXOXO,3.0
-XO-XXXOO,0.0
-XOO----X,3.0
-XOO---X-,1.0
-XOO--OXX,0.0
-XOO--X--,0.0
-XOO--X-X,0.0
-XOO--XOX,0.0
-XOO--XX-,0.0
-XOO--XXO,0.0
-XOO-O-XX,3.0
-XOO-OX-X,3.0
-XOO-OXX-,3.0
-XOO-OXXX,3.0
-XOO-X---,0.0
-XOO-X--X,0.0
-XOO-X-OX,0.0
-XOO-X-X-,0.0
-XOO-X-XO,3.0
-XOO-XO-X,0.0
-XOO-XOX-,3.0
-XOO-XOXX,-2.0
-XOO-XX--,0.0
-XOO-XX-O,0.0
-XOO-XXO-,0.0
-XOO-XXOX,0.0
-XOO-XXXO,0.0
-XOOO-X-X,3.0
-XOOO-XX-,3.0
-XOOO-XXX,3.0
-XOOOOXXX,2.0
-XOOOX--X,0.0
-XOOOX-X-,0.0
-XOOOX-XX,-2.0
-XOOOXOXX,-2.0
-XOOOXX--,0.0
-XOOOXX-X,0.0
-XOOOXXOX,0.0
-XOOOXXX-,0.0
-XOOOXXXO,0.0
-XOOX----,5.0
-XOOX---X,3.0
-XOOX--OX,3.0
-XOOX--X-,5.0
-XOOX--XO,4.0
-XOOX-O-X,3.0
-XOOX-OX-,4.0
-XOOX-OXX,3.0
-XOOX-X--,0.0
-XOOX-X-O,0.0
-XOOX-XO-,0.0
-XOOX-XOX,0.0
-XOOX-XXO,-1.0
-XOOXO--X,3.0
-XOOXO-X-,4.0
-XOOXO-XX,3.0
-XOOXOOXX,2.0
-XOOXOX--,1.0
-XOOXOX-X,1.0
-XOOXOXOX,1.0
-XOOXOXX-,-1.0
-XOOXOXXO,-2.0
-XOOXX---,0.0
-XOOXX--O,3.0
-XOOXX-O-,0.0
-XOOXX-OX,0.0
-XOOXX-XO,3.0
-XOOXXO--,3.0
-XOOXXO-X,0.0
-XOOXXOOX,1.0
-XOOXXOX-,3.0
-XOOXXOXO,2.0
-XOOXXX-O,0.0
-XOOXXXO-,0.0
-XOOXXXOO,0.0
-XOX-----,-1.0
-XOX----O,-1.0
-XOX---O-,0.0
-XOX---OX,0.0
-XOX---XO,-4.0
-XOX--O--,-1.0
-XOX--O-X,-4.0
-XOX--OOX,1.0
-XOX--OX-,-4.0
-XOX--OXO,0.0
-XOX--X-O,-4.0
-XOX--XO-,0.0
-XOX--XOO,1.0
-XOX-O---,1.0
-XOX-O--X,1.0
-XOX-O-OX,1.0
-XOX-O-X-,-3.0
-XOX-O-XO,-4.0
-XOX-OO-X,1.0
-XOX-OOX-,-1.0
-XOX-OOXX,-2.0
-XOX-OX--,-4.0
-XOX-OX-O,-4.0
-XOX-OXO-,0.0
-XOX-OXOX,0.0
-XOX-OXXO,-3.0
-XOX-X--O,-1.0
-XOX-X-O-,-1.0
-XOX-X-OO,1.0
-XOX-XO--,-4.0
-XOX-XO-O,-1.0
-XOX-XOO-,-1.0
-XOX-XOOX,-2.0
-XOX-XOXO,-2.0
-XOX-XXOO,1.0
-XOXO----,-1.0
-XOXO---X,-4.0
-XOXO--OX,0.0
-XOXO--X-,-4.0
-XOXO-O-X,-4.0
-XOXO-OX-,-4.0
-XOXO-OXX,-3.0
-XOXO-X--,-1.0
-XOXO-X-O,-1.0
-XOXO-XO-,3.0
-XOXO-XOX,0.0
-XOXO-XXO,-2.0
-XOXOO--X,1.0
-XOXOO-X-,-2.0
-XOXOO-XX,-2.0
-XOXOOOXX,-2.0
-XOXOOX--,1.0
-XOXOOX-X,1.0
-XOXOOXOX,1.0
-XOXOOXX-,-2.0
-XOXOOXXO,-2.0
-XOXOX---,-4.0
-XOXOX--O,0.0
-XOXOX-O-,0.0
-XOXOX-OX,-2.0
-XOXOX-XO,-2.0
-XOXOXO--,-4.0
-XOXOXO-X,-3.0
-XOXOXOOX,-2.0
-XOXOXOX-,-3.0
-XOXOXOXO,-2.0
-XOXOXX-O,-2.0
-XOXOXXO-,0.0
-XOXOXXOO,1.0
-XOXX---O,-4.0
-XOXX--O-,-1.0
-XOXX--OO,-1.0
-XOXX-O--,-1.0
-XOXX-O-O,-1.0
-XOXX-OO-,1.0
-XOXX-OOX,1.0
-XOXX-OXO,-1.0
-XOXX-XOO,-2.0
-XOXXO---,-4.0
-XOXXO--O,-4.0
-XOXXO-O-,0.0
-XOXXO-OX,0.0
-XOXXO-XO,-3.0
-XOXXOO--,1.0
-XOXXOO-X,1.0
-XOXXOOOX,1.0
-XOXXOOX-,-1.0
-XOXXOOXO,-2.0
-XOXXOX-O,-3.0
-XOXXOXO-,-2.0
-XOXXOXOO,-2.0
-XOXXX-OO,-1.0
-XOXXXO-O,-1.0
-XOXXXOO-,-1.0
-XOXXXOOO,-2.0
-XX-----O,3.0
-XX----O-,0.0
-XX----OO,3.0
-XX---O--,0.0
-XX---O-O,3.0
-XX---OO-,3.0
-XX---OOX,3.0
-XX---OXO,3.0
-XX---XOO,3.0
-XX--O---,0.0
-XX--O--O,5.0
-XX--O-O-,5.0
-XX--O-OX,0.0
-XX--O-XO,-1.0
-XX--OO--,5.0
-XX--OO-X,0.0
-XX--OOOX,3.0
-XX--OOX-,0.0
-XX--OOXO,3.0
-XX--OX-O,-1.0
-XX--OXO-,0.0
-XX--OXOO,3.0
-XX--X-OO,-4.0
-XX--XO-O,-4.0
-XX--XOO-,-4.0
-XX--XOOO,-4.0
-XX-O----,0.0
-XX-O---O,5.0
-XX-O--O-,5.0
-XX-O--OX,0.0
-XX-O--XO,-4.0
-XX-O-O--,5.0
-XX-O-O-X,0.0
-XX-O-OOX,3.0
-XX-O-OX-,0.0
-XX-O-OXO,3.0
-XX-O-X-O,-4.0
-XX-O-XO-,0.0
-XX-O-XOO,3.0
-XX-OO---,0.0
-XX-OO--X,-4.0
-XX-OO-OX,0.0
-XX-OO-X-,-4.0
-XX-OO-XO,-1.0
-XX-OOO-X,0.0
-XX-OOOX-,0.0
-XX-OOOXX,-2.0
-XX-OOX--,-4.0
-XX-OOX-O,-1.0
-XX-OOXO-,0.0
-XX-OOXOX,-2.0
-XX-OOXXO,-2.0
-XX-OX--O,-4.0
-XX-OX-O-,-1.0
-XX-OX-OO,-1.0
-XX-OXO--,-1.0
-XX-OXO-O,-1.0
-XX-OXOO-,3.0
-XX-OXOOX,3.0
-XX-OXOXO,-2.0
-XX-OXXOO,-2.0
-XX-X--OO,-4.0
-XX-X-O-O,-4.0
-XX-X-OO-,-4.0
-XX-X-OOO,-4.0
-XX-XO--O,3.0
-XX-XO-O-,0.0
-XX-XO-OO,3.0
-XX-XOO--,0.0
-XX-XOO-O,3.0
-XX-XOOO-,0.0
-XX-XOOOX,0.0
-XX-XOOXO,3.0
-XX-XOXOO,3.0
-XX-XXOOO,-3.0
-XXO-----,2.0
-XXO----O,5.0
-XXO---O-,5.0
-XXO---OX,1.0
-XXO---XO,0.0
-XXO--O--,5.0
-XXO--O-X,0.0
-XXO--OOX,3.0
-XXO--OX-,0.0
-XXO--OXO,3.0
-XXO--X-O,0.0
-XXO--XO-,1.0
-XXO--XOO,3.0
-XXO-O---,3.0
-XXO-O--X,-1.0
-XXO-O-OX,1.0
-XXO-O-X-,-4.0
-XXO-O-XO,3.0
-XXO-OO-X,0.0
-XXO-OOX-,3.0
-XXO-OOXX,-2.0
-XXO-OX--,-4.0
-XXO-OX-O,1.0
-XXO-OXO-,3.0
-XXO-OXOX,-2.0
-XXO-OXXO,-1.0
-XXO-X--O,0.0
-XXO-X-O-,1.0
-XXO-X-OO,1.0
-XXO-XO--,0.0
-XXO-XO-O,0.0
-XXO-XOO-,3.0
-XXO-XOOX,3.0
-XXO-XOXO,0.0
-XXO-XXOO,1.0
-XXOO----,3.0
-XXOO---X,-4.0
-XXOO--OX,3.0
-XXOO--X-,-4.0
-XXOO--XO,-1.0
-XXOO-O-X,3.0
-XXOO-OX-,0.0
-XXOO-OXX,-2.0
-XXOO-X--,-4.0
-XXOO-X-O,-1.0
-XXOO-XO-,1.0
-XXOO-XOX,-2.0
-XXOO-XXO,-2.0
-XXOOO--X,-4.0
-XXOOO-X-,-4.0
-XXOOO-XX,-3.0
-XXOOOOXX,-2.0
-XXOOOX--,-4.0
-XXOOOX-X,-3.0
-XXOOOXOX,-2.0
-XXOOOXX-,-3.0
-XXOOOXXO,-2.0
-XXOOX---,3.0
-XXOOX--O,3.0
-XXOOX-O-,3.0
-XXOOX-OX,3.0
-XXOOX-XO,-2.0
-XXOOXO--,3.0
-XXOOXO-X,3.0
-XXOOXOOX,2.0
-XXOOXOX-,0.0
-XXOOXOXO,1.0
-XXOOXX-O,-2.0
-XXOOXXO-,1.0
-XXOOXXOO,1.0
-XXOX---O,3.0
-XXOX--O-,0.0
-XXOX--OO,3.0
-XXOX-O--,0.0
-XXOX-O-O,3.0
-XXOX-OO-,0.0
-XXOX-OOX,0.0
-XXOX-OXO,3.0
-XXOX-XOO,3.0
-XXOXO---,3.0
-XXOXO--O,3.0
-XXOXO-O-,3.0
-XXOXO-OX,1.0
-XXOXO-XO,3.0
-XXOXOO--,3.0
-XXOXOO-X,0.0
-XXOXOOOX,1.0
-XXOXOOX-,3.0
-XXOXOOXO,2.0
-XXOXOX-O,3.0
-XXOXOXO-,3.0
-XXOXOXOO,2.0
-XXOXX-OO,-2.0
-XXOXXO-O,-2.0
-XXOXXOO-,-2.0
-XXOXXOOO,-2.0
-XXX---OO,-2.0
-XXX--O-O,-4.0
-XXX--OO-,-4.0
-XXX--OOO,-4.0
-XXX-O--O,1.0
-XXX-O-O-,0.0
-XXX-O-OO,1.0
-XXX-OO--,0.0
-XXX-OO-O,1.0
-XXX-OOO-,0.0
-XXX-OOOX,0.0
-XXX-OOXO,1.0
-XXX-OXOO,1.0
-XXX-XOOO,-3.0
-XXXO---O,-4.0
-XXXO--O-,-1.0
-XXXO--OO,-1.0
-XXXO-O--,-1.0
-XXXO-O-O,-1.0
-XXXO-OO-,1.0
-XXXO-OOX,1.0
-XXXO-OXO,-2.0
-XXXO-XOO,-2.0
-XXXOO---,0.0
-XXXOO--O,3.0
-XXXOO-O-,3.0
-XXXOO-OX,0.0
-XXXOO-XO,-2.0
-XXXOOO--,3.0
-XXXOOO-X,0.0
-XXXOOOOX,1.0
-XXXOOOX-,0.0
-XXXOOOXO,1.0
-XXXOOX-O,-2.0
-XXXOOXO-,0.0
-XXXOOXOO,1.0
-XXXOX-OO,-2.0
-XXXOXO-O,-2.0
-XXXOXOOO,-2.0
-XXXX-OOO,-3.0
-XXXXO-OO,-2.0
-XXXXOO-O,-2.0
-XXXXOOO-,-2.0
-XXXXOOOO,-2.0
O-------X,3.0
O------X-,2.0
O------XX,0.0
O-----OXX,0.0
O-----X--,3.0
O-----X-X,3.0
O-----XOX,3.0
O-----XX-,0.0
O-----XXO,0.0
O----O-XX,5.0
O----OX-X,5.0
O----OXX-,5.0
O----OXXX,5.0
O----X---,2.0
O----X--X,0.0
O----X-OX,5.0
O----X-X-,1.0
O----X-XO,3.0
O----XO-X,5.0
O----XOX-,2.0
O----XOXX,0.0
O----XX--,0.0
O----XX-O,3.0
O----XXO-,3.0
O----XXOX,0.0
O----XXXO,-4.0
O---O--XX,5.0
O---O-X-X,5.0
O---O-XX-,5.0
O---O-XXX,5.0
O---OOXXX,4.0
O---OX--X,3.0
O---OX-X-,3.0
O---OX-XX,3.0
O---OXOXX,3.0
O---OXX--,3.0
O---OXX-X,3.0
O---OXXOX,3.0
O---OXXX-,-1.0
O---OXXXO,-4.0
O---X----,2.0
O---X---X,2.0
O---X--OX,3.0
O---X--X-,2.0
O---X--XO,5.0
O---X-O-X,2.0
O---X-OX-,5.0
O---X-OXX,-1.0
O---X-X--,0.0
O---X-X-O,5.0
O---X-XO-,5.0
O---X-XOX,0.0
O---X-XXO,0.0
O---XO--X,3.0
O---XO-X-,5.0
O---XO-XX,0.0
O---XOOXX,3.0
O---XOX--,5.0
O---XOX-X,3.0
O---XOXOX,3.0
O---XOXXO,3.0
O---XX---,2.0
O---XX--O,5.0
O---XX-O-,5.0
O---XX-OX,3.0
O---XX-XO,3.0
O---XXO--,5.0
O---XXO-X,2.0
O---XXOOX,3.0
O---XXOX-,2.0
O---XXOXO,3.0
O---XXX-O,3.0
O---XXXO-,3.0
O---XXXOO,3.0
O--O---XX,5.0
O--O--X-X,5.0
O--O--XX-,2.0
O--O--XXX,5.0
O--O-OXXX,4.0
O--O-X--X,5.0
O--O-X-X-,1.0
O--O-X-XX,-1.0
O--O-XOXX,2.0
O--O-XX--,1.0
O--O-XX-X,0.0
O--O-XXOX,1.0
O--O-XXX-,1.0
O--O-XXXO,1.0
O--OO-XXX,4.0
O--OOX-XX,3.0
O--OOXX-X,3.0
O--OOXXX-,3.0
O--OOXXXX,3.0
O--OX---X,2.0
O--OX--X-,5.0
O--OX--XX,2.0
O--OX-OXX,2.0
O--OX-X--,5.0
O--OX-X-X,0.0
O--OX-XOX,3.0
O--OX-XXO,3.0
O--OXO-XX,3.0
O--OXOX-X,3.0
O--OXX---,2.0
O--OXX--X,0.0
O--OXX-OX,3.0
O--OXX-X-,0.0
O--OXX-XO,3.0
O--OXXO-X,2.0
O--OXXOX-,2.0
O--OXXOXX,-1.0
O--OXXX--,0.0
O--OXXX-O,3.0
O--OXXXO-,3.0
O--OXXXXO,1.0
O--X-----,0.0
O--X----X,0.0
O--X---OX,3.0
O--X---X-,0.0
O--X---XO,1.0
O--X--O-X,3.0
O--X--OX-,3.0
O--X--OXX,0.0
O--X--X--,0.0
O--X--X-O,3.0
O--X--XO-,3.0
O--X--XOX,0.0
O--X--XXO,-4.0
O--X-O--X,0.0
O--X-O-X-,0.0
O--X-O-XX,0.0
O--X-OOXX,0.0
O--X-OX--,0.0
O--X-OX-X,0.0
O--X-OXOX,0.0
O--X-OXX-,-2.0
O--X-OXXO,-2.0
O--X-X---,0.0
O--X-X--O,5.0
O--X-X-O-,5.0
O--X-X-OX,3.0
O--X-X-XO,-1.0
O--X-XO--,5.0
O--X-XO-X,3.0
O--X-XOOX,3.0
O--X-XOX-,-2.0
O--X-XX-O,-4.0
O--X-XXO-,0.0
O--X-XXOO,3.0
O--XO---X,0.0
O--XO--X-,0.0
O--XO--XX,0.0
O--XO-OXX,0.0
O--XO-X--,0.0
O--XO-X-X,0.0
O--XO-XOX,0.0
O--XO-XX-,-4.0
O--XO-XXO,-4.0
O--XOO-XX,3.0
O--XOOX-X,3.0
O--XOOXX-,3.0
O--XOOXXX,3.0
O--XOX---,0.0
O--XOX--X,0.0
O--XOX-OX,3.0
O--XOX-X-,-4.0
O--XOX-XO,-4.0
O--XOXO-X,3.0
O--XOXOX-,-2.0
O--XOXOXX,-2.0
O--XOXX--,-4.0
O--XOXX-O,-4.0
O--XOXXO-,0.0
O--XOXXOX,0.0
O--XOXXXO,-3.0
O--XX----,0.0
O--XX---O,5.0
O--XX--O-,5.0
O--XX--OX,0.0
O--XX--XO,1.0
O--XX-O--,5.0
O--XX-O-X,0.0
O--XX-OOX,3.0
O--XX-OX-,3.0
O--XX-OXO,3.0
O--XX-X-O,3.0
O--XX-XO-,3.0
O--XX-XOO,3.0
O--XXO---,0.0
O--XXO--X,0.0
O--XXO-OX,0.0
O--XXO-X-,0.0
O--XXO-XO,1.0
O--XXOO-X,0.0
O--XXOOX-,3.0
O--XXOOXX,0.0
O--XXOX--,0.0
O--XXOX-O,3.0
O--XXOXO-,3.0
O--XXOXOX,0.0
O--XXOXXO,-2.0
O--XXX--O,5.0
O--XXX-O-,5.0
O--XXX-OO,4.0
O--XXXO--,5.0
O--XXXO-O,4.0
O--XXXOO-,4.0
O--XXXOOX,3.0
O--XXXOXO,3.0
O--XXXXOO,3.0
O-O----XX,5.0
O-O---X-X,5.0
O-O---XX-,4.0
O-O---XXX,5.0
O-O--OXXX,4.0
O-O--X--X,0.0
O-O--X-X-,2.0
O-O--X-XX,0.0
O-O--XOXX,0.0
O-O--XX--,0.0
O-O--XX-X,0.0
O-O--XXOX,0.0
O-O--XXX-,0.0
O-O--XXXO,0.0
O-O-O-XXX,4.0
O-O-OX-XX,3.0
O-O-OXX-X,3.0
O-O-OXXX-,3.0
O-O-OXXXX,3.0
O-O-X---X,2.0
O-O-X--X-,5.0
O-O-X--XX,2.0
O-O-X-OXX,3.0
O-O-X-X--,0.0
O-O-X-X-X,0.0
O-O-X-XOX,0.0
O-O-X-XX-,0.0
O-O-X-XXO,0.0
O-O-XO-XX,3.0
O-O-XOX-X,3.0
O-O-XOXX-,3.0
O-O-XOXXX,3.0
O-O-XX---,5.0
O-O-XX--X,0.0
O-O-XX-OX,3.0
O-O-XX-X-,2.0
O-O-XX-XO,3.0
O-O-XXO-X,3.0
O-O-XXOX-,3.0
O-O-XXOXX,0.0
O-O-XXX--,0.0
O-O-XXX-O,3.0
O-O-XXXO-,3.0
O-O-XXXOX,0.0
O-O-XXXXO,0.0
O-OO--XXX,4.0
O-OO-X-XX,3.0
O-OO-XX-X,3.0
O-OO-XXX-,3.0
O-OO-XXXX,3.0
O-OOOXXXX,2.0
O-OOX--XX,3.0
O-OOX-X-X,3.0
O-OOX-XX-,3.0
O-OOX-XXX,3.0
O-OOXOXXX,2.0
O-OOXX--X,0.0
O-OOXX-X-,3.0
O-OOXX-XX,0.0
O-OOXXOXX,0.0
O-OOXXX--,0.0
O-OOXXX-X,0.0
O-OOXXXOX,0.0
O-OOXXXX-,0.0
O-OOXXXXO,1.0
O-OX----X,0.0
O-OX---X-,0.0
O-OX---XX,0.0
O-OX--OXX,0.0
O-OX--X--,0.0
O-OX--X-X,0.0
O-OX--XOX,0.0
O-OX--XX-,-2.0
O-OX--XXO,-2.0
O-OX-O-XX,3.0
O-OX-OX-X,3.0
O-OX-OXX-,3.0
O-OX-OXXX,3.0
O-OX-X---,5.0
O-OX-X--X,0.0
O-OX-X-OX,3.0
O-OX-X-X-,-2.0
O-OX-X-XO,3.0
O-OX-XO-X,3.0
O-OX-XOX-,0.0
O-OX-XOXX,-2.0
O-OX-XX--,0.0
O-OX-XX-O,3.0
O-OX-XXO-,3.0
O-OX-XXOX,0.0
O-OX-XXXO,-2.0
O-OXO--XX,3.0
O-OXO-X-X,3.0
O-OXO-XX-,3.0
O-OXO-XXX,3.0
O-OXOOXXX,2.0
O-OXOX--X,0.0
O-OXOX-X-,-2.0
O-OXOX-XX,-2.0
O-OXOXOXX,-2.0
O-OXOXX--,0.0
O-OXOXX-X,0.0
O-OXOXXOX,0.0
O-OXOXXX-,-2.0
O-OXOXXXO,-2.0
O-OXX----,5.0
O-OXX---X,0.0
O-OXX--OX,3.0
O-OXX--X-,0.0
O-OXX--XO,3.0
O-OXX-O-X,3.0
O-OXX-OX-,3.0
O-OXX-OXX,0.0
O-OXX-X--,0.0
O-OXX-X-O,3.0
O-OXX-XO-,3.0
O-OXX-XOX,0.0
O-OXX-XXO,-2.0
O-OXXO--X,0.0
O-OXXO-X-,0.0
O-OXXO-XX,0.0
O-OXXOOXX,1.0
O-OXXOX--,0.0
O-OXXOX-X,0.0
O-OXXOXOX,0.0
O-OXXOXX-,-2.0
O-OXXOXXO,-2.0
O-OXXX---,5.0
O-OXXX--O,4.0
O-OXXX-O-,4.0
O-OXXX-OX,3.0
O-OXXX-XO,3.0
O-OXXXO--,4.0
O-OXXXO-X,3.0
O-OXXXOOX,2.0
O-OXXXOX-,3.0
O-OXXXOXO,2.0
O-OXXXX-O,3.0
O-OXXXXO-,3.0
O-OXXXXOO,2.0
O-X------,3.0
O-X-----X,3.0
O-X----OX,5.0
O-X----X-,0.0
O-X----XO,3.0
O-X---O-X,5.0
O-X---OX-,0.0
O-X---OXX,0.0
O-X---X--,3.0
O-X---X-O,5.0
O-X---XO-,5.0
O-X---XOX,3.0
O-X---XXO,-2.0
O-X--O--X,3.0
O-X--O-X-,3.0
O-X--O-XX,0.0
O-X--OOXX,0.0
O-X--OX--,5.0
O-X--OX-X,3.0
O-X--OXOX,3.0
O-X--OXX-,3.0
O-X--OXXO,3.0
O-X--X---,0.0
O-X--X--O,0.0
O-X--X-O-,3.0
O-X--X-OX,5.0
O-X--X-XO,-4.0
O-X--XO--,5.0
O-X--XO-X,5.0
O-X--XOOX,4.0
O-X--XOX-,0.0
O-X--XOXO,0.0
O-X--XX-O,-4.0
O-X--XXO-,0.0
O-X--XXOO,3.0
O-X-O---X,3.0
O-X-O--X-,3.0
O-X-O--XX,3.0
O-X-O-OXX,3.0
O-X-O-X--,3.0
O-X-O-X-X,3.0
O-X-O-XOX,3.0
O-X-O-XX-,-4.0
O-X-O-XXO,-4.0
O-X-OO-XX,3.0
O-X-OOX-X,3.0
O-X-OOXX-,3.0
O-X-OOXXX,3.0
O-X-OX---,1.0
O-X-OX--X,2.0
O-X-OX-OX,4.0
O-X-OX-X-,-4.0
O-X-OX-XO,-4.0
O-X-OXO-X,4.0
O-X-OXOX-,3.0
O-X-OXOXX,3.0
O-X-OXX--,-4.0
O-X-OXX-O,-4.0
O-X-OXXO-,3.0
O-X-OXXOX,3.0
O-X-OXXXO,-3.0
O-X-X----,0.0
O-X-X---O,5.0
O-X-X--O-,5.0
O-X-X--XO,3.0
O-X-X-O--,0.0
O-X-X-O-X,0.0
O-X-X-OOX,3.0
O-X-X-OX-,0.0
O-X-X-OXO,3.0
O-X-X-X-O,5.0
O-X-X-XO-,5.0
O-X-X-XOO,4.0
O-X-XO---,5.0
O-X-XO--X,0.0
O-X-XO-OX,3.0
O-X-XO-X-,0.0
O-X-XO-XO,3.0
O-X-XOO-X,0.0
O-X-XOOX-,3.0
O-X-XOOXX,0.0
O-X-XOX--,5.0
O-X-XOX-O,4.0
O-X-XOXO-,4.0
O-X-XOXOX,3.0
O-X-XOXXO,3.0
O-X-XX--O,0.0
O-X-XX-O-,0.0
O-X-XX-OO,3.0
O-X-XXO--,0.0
O-X-XXO-O,0.0
O-X-XXOO-,3.0
O-X-XXOOX,3.0
O-X-XXOXO,0.0
O-X-XXXOO,3.0
O-XO----X,5.0
O-XO---X-,2.0
O-XO--OXX,2.0
O-XO--X--,5.0
O-XO--XOX,3.0
O-XO--XX-,3.0
O-XO--XXO,3.0
O-XO-O-XX,3.0
O-XO-OX-X,3.0
O-XO-OXX-,3.0
O-XO-OXXX,3.0
O-XO-X---,5.0
O-XO-X--X,5.0
O-XO-X-OX,4.0
O-XO-X-X-,0.0
O-XO-X-XO,0.0
O-XO-XO-X,4.0
O-XO-XOX-,2.0
O-XO-XOXX,3.0
O-XO-XX--,0.0
O-XO-XX-O,3.0
O-XO-XXO-,3.0
O-XO-XXOX,3.0
O-XO-XXXO,-2.0
O-XOO--XX,3.0
O-XOO-X-X,3.0
O-XOO-XX-,3.0
O-XOO-XXX,3.0
O-XOOOXXX,2.0
O-XOOX--X,4.0
O-XOOX-X-,1.0
O-XOOX-XX,3.0
O-XOOXOXX,2.0
O-XOOXX--,3.0
O-XOOXX-X,3.0
O-XOOXXOX,2.0
O-XOOXXX-,-2.0
O-XOOXXXO,-2.0
O-XOX----,4.0
O-XOX---X,0.0
O-XOX--OX,3.0
O-XOX--X-,2.0
O-XOX--XO,3.0
O-XOX-O-X,2.0
O-XOX-OX-,2.0
O-XOX-OXX,-1.0
O-XOX-X--,5.0
O-XOX-X-O,4.0
O-XOX-XO-,4.0
O-XOX-XOX,3.0
O-XOX-XXO,3.0
O-XOXO--X,3.0
O-XOXO-X-,3.0
O-XOXO-XX,0.0
O-XOXOOXX,0.0
O-XOXOX--,4.0
O-XOXOX-X,3.0
O-XOXOXOX,2.0
O-XOXOXX-,3.0
O-XOXOXXO,2.0
O-XOXX---,2.0
O-XOXX--O,3.0
O-XOXX-O-,3.0
O-XOXX-OX,3.0
O-XOXX-XO,0.0
O-XOXXO--,2.0
O-XOXXO-X,3.0
O-XOXXOOX,2.0
O-XOXXOX-,-1.0
O-XOXXOXO,0.0
O-XOXXX-O,3.0
O-XOXXXO-,3.0
O-XOXXXOO,2.0
O-XX-----,0.0
O-XX----O,1.0
O-XX---O-,0.0
O-XX---OX,0.0
O-XX---XO,-4.0
O-XX--O--,0.0
O-XX--O-X,0.0
O-XX--OOX,3.0
O-XX--OX-,0.0
O-XX--OXO,1.0
O-XX--X-O,-4.0
O-XX--XO-,0.0
O-XX--XOO,3.0
O-XX-O---,0.0
O-XX-O--X,0.0
O-XX-O-OX,0.0
O-XX-O-X-,0.0
O-XX-O-XO,1.0
O-XX-OO-X,0.0
O-XX-OOX-,0.0
O-XX-OOXX,0.0
O-XX-OX--,0.0
O-XX-OX-O,3.0
O-XX-OXO-,3.0
O-XX-OXOX,0.0
O-XX-OXXO,-2.0
O-XX-X--O,-4.0
O-XX-X-O-,-1.0
O-XX-X-OO,-1.0
O-XX-XO--,-1.0
O-XX-XO-O,-1.0
O-XX-XOO-,3.0
O-XX-XOOX,3.0
O-XX-XOXO,-2.0
O-XX-XXOO,-2.0
O-XXO----,0.0
O-XXO---X,0.0
O-XXO--OX,3.0
O-XXO--X-,-4.0
O-XXO--XO,-4.0
O-XXO-O-X,3.0
O-XXO-OX-,0.0
O-XXO-OXX,0.0
O-XXO-X--,-4.0
O-XXO-X-O,-4.0
O-XXO-XO-,0.0
O-XXO-XOX,0.0
O-XXO-XXO,-3.0
O-XXOO--X,0.0
O-XXOO-X-,0.0
O-XXOO-XX,0.0
O-XXOOOXX,0.0
O-XXOOX--,0.0
O-XXOOX-X,0.0
O-XXOOXOX,0.0
O-XXOOXX-,-2.0
O-XXOOXXO,-2.0
O-XXOX---,-4.0
O-XXOX--O,-4.0
O-XXOX-O-,0.0
O-XXOX-OX,3.0
O-XXOX-XO,-3.0
O-XXOXO--,3.0
O-XXOXO-X,3.0
O-XXOXOOX,2.0
O-XXOXOX-,-2.0
O-XXOXOXO,-2.0
O-XXOXX-O,-3.0
O-XXOXXO-,-2.0
O-XXOXXOO,-2.0
O-XXX---O,1.0
O-XXX--O-,0.0
O-XXX--OO,3.0
O-XXX-O--,0.0
O-XXX-O-O,1.0
O-XXX-OO-,0.0
O-XXX-OOX,0.0
O-XXX-OXO,1.0
O-XXX-XOO,3.0
O-XXXO---,0.0
O-XXXO--O,3.0
O-XXXO-O-,3.0
O-XXXO-OX,0.0
O-XXXO-XO,1.0
O-XXXOO--,0.0
O-XXXOO-X,0.0
O-XXXOOOX,0.0
O-XXXOOX-,0.0
O-XXXOOXO,1.0
O-XXXOX-O,3.0
O-XXXOXO-,3.0
O-XXXOXOO,2.0
O-XXXX-OO,-1.0
O-XXXXO-O,-1.0
O-XXXXOO-,-1.0
O-XXXXOOO,-2.0
OO-----XX,5.0
OO----X-X,5.0
OO----XX-,5.0
OO----XXX,5.0
OO---OXXX,4.0
OO---X--X,5.0
OO---X-X-,1.0
OO---X-XX,0.0
OO---XOXX,3.0
OO---XX--,0.0
OO---XX-X,0.0
OO---XXOX,3.0
OO---XXX-,-1.0
OO---XXXO,0.0
OO--O-XXX,4.0
OO--OX-XX,3.0
OO--OXX-X,3.0
OO--OXXX-,1.0
OO--OXXXX,3.0
OO--X---X,2.0
OO--X--X-,2.0
OO--X--XX,0.0
OO--X-OXX,0.0
OO--X-X--,5.0
OO--X-X-X,-1.0
OO--X-XOX,1.0
OO--X-XX-,2.0
OO--X-XXO,3.0
OO--XO-XX,3.0
OO--XOX-X,3.0
OO--XOXX-,3.0
OO--XOXXX,3.0
OO--XX---,5.0
OO--XX--X,2.0
OO--XX-OX,3.0
OO--XX-X-,0.0
OO--XX-XO,3.0
OO--XXO-X,3.0
OO--XXOX-,3.0
OO--XXOXX,0.0
OO--XXX--,0.0
OO--XXX-O,3.0
OO--XXXO-,3.0
OO--XXXXO,0.0
OO-O--XXX,4.0
OO-O-X-XX,3.0
OO-O-XX-X,3.0
OO-O-XXX-,1.0
OO-OOXXXX,2.0
OO-OX--XX,3.0
OO-OX-X-X,1.0
OO-OX-XX-,3.0
OO-OX-XXX,3.0
OO-OXOXXX,2.0
OO-OXX--X,3.0
OO-OXX-X-,0.0
OO-OXX-XX,0.0
OO-OXXOXX,0.0
OO-OXXX--,3.0
OO-OXXXOX,1.0
OO-OXXXX-,0.0
OO-OXXXXO,1.0
OO-X----X,1.0
OO-X---X-,1.0
OO-X---XX,0.0
OO-X--OXX,0.0
OO-X--X--,2.0
OO-X--X-X,-1.0
OO-X--XOX,0.0
OO-X--XX-,0.0
OO-X--XXO,0.0
OO-X-O-XX,3.0
OO-X-OX-X,3.0
OO-X-OXX-,3.0
OO-X-OXXX,3.0
OO-X-X---,5.0
OO-X-X--X,-1.0
OO-X-X-OX,3.0
OO-X-X-X-,0.0
OO-X-X-XO,3.0
OO-X-XO-X,3.0
OO-X-XOX-,3.0
OO-X-XOXX,0.0
OO-X-XX--,0.0
OO-X-XX-O,3.0
OO-X-XXO-,3.0
OO-X-XXOX,0.0
OO-X-XXXO,-2.0
OO-XO--XX,3.0
OO-XO-X-X,3.0
OO-XO-XX-,3.0
OO-XO-XXX,3.0
OO-XOOXXX,2.0
OO-XOX--X,3.0
OO-XOX-X-,0.0
OO-XOX-XX,0.0
OO-XOXOXX,1.0
OO-XOXX--,0.0
OO-XOXX-X,0.0
OO-XOXXOX,0.0
OO-XOXXX-,-2.0
OO-XOXXXO,-2.0
OO-XX----,5.0
OO-XX---X,0.0
OO-XX--OX,3.0
OO-XX--X-,0.0
OO-XX--XO,3.0
OO-XX-O-X,3.0
OO-XX-OX-,3.0
OO-XX-OXX,0.0
OO-XX-X--,2.0
OO-XX-X-O,3.0
OO-XX-XO-,3.0
OO-XX-XOX,0.0
OO-XX-XXO,0.0
OO-XXO--X,0.0
OO-XXO-X-,0.0
OO-XXO-XX,0.0
OO-XXOOXX,0.0
OO-XXOX--,3.0
OO-XXOX-X,0.0
OO-XXOXOX,1.0
OO-XXOXX-,0.0
OO-XXOXXO,1.0
OO-XXX---,5.0
OO-XXX--O,4.0
OO-XXX-O-,4.0
OO-XXX-OX,3.0
OO-XXX-XO,3.0
OO-XXXO--,4.0
OO-XXXO-X,3.0
OO-XXXOOX,2.0
OO-XXXOX-,3.0
OO-XXXOXO,2.0
OO-XXXX-O,3.0
OO-XXXXO-,3.0
OO-XXXXOO,2.0
OOO---XXX,4.0
OOO--X-XX,2.0
OOO--XX-X,2.0
OOO--XXX-,2.0
OOO--XXXX,3.0
OOO-OXXXX,2.0
OOO-X--XX,2.0
OOO-X-X-X,2.0
OOO-X-XX-,2.0
OOO-X-XXX,3.0
OOO-XOXXX,2.0
OOO-XX--X,2.0
OOO-XX-X-,2.0
OOO-XX-XX,-1.0
OOO-XXOXX,0.0
OOO-XXX--,2.0
OOO-XXX-X,-1.0
OOO-XXXOX,0.0
OOO-XXXX-,-1.0
OOO-XXXXO,0.0
OOOO-XXXX,2.0
OOOOX-XXX,2.0
OOOOXX-XX,0.0
OOOOXXX-X,0.0
OOOOXXXX-,0.0
OOOOXXXXX,1.0
OOOX---XX,2.0
OOOX--X-X,2.0
OOOX--XX-,2.0
OOOX--XXX,3.0
OOOX-OXXX,2.0
OOOX-X--X,2.0
OOOX-X-X-,2.0
OOOX-X-XX,-1.0
OOOX-XOXX,0.0
OOOX-XX--,2.0
OOOX-XX-X,-1.0
OOOX-XXOX,0.0
OOOX-XXX-,-1.0
OOOX-XXXO,0.0
OOOXO-XXX,2.0
OOOXOX-XX,0.0
OOOXOXX-X,0.0
OOOXOXXX-,0.0
OOOXOXXXX,1.0
OOOXX---X,2.0
OOOXX--X-,2.0
OOOXX--XX,-1.0
OOOXX-OXX,0.0
OOOXX-X--,2.0
OOOXX-X-X,-1.0
OOOXX-XOX,0.0
OOOXX-XX-,-1.0
OOOXX-XXO,0.0
OOOXXO-XX,0.0
OOOXXOX-X,0.0
OOOXXOXX-,0.0
OOOXXOXXX,1.0
OOOXXX---,4.0
OOOXXX--X,3.0
OOOXXX-OX,2.0
OOOXXX-X-,3.0
OOOXXX-XO,2.0
OOOXXXO-X,2.0
OOOXXXOX-,2.0
OOOXXXOXX,1.0
OOOXXXX--,3.0
OOOXXXX-O,2.0
OOOXXXXO-,2.0
OOOXXXXOX,1.0
OOOXXXXXO,1.0
OOX-----X,5.0
OOX----X-,3.0
OOX---OXX,3.0
OOX---X--,5.0
OOX---X-X,0.0
OOX---XOX,3.0
OOX---XX-,3.0
OOX---XXO,3.0
OOX--O-XX,3.0
OOX--OX-X,3.0
OOX--OXX-,3.0
OOX--OXXX,3.0
OOX--X---,1.0
OOX--X--X,5.0
OOX--X-OX,4.0
OOX--X-X-,1.0
OOX--X-XO,1.0
OOX--XO-X,4.0
OOX--XOX-,3.0
OOX--XOXX,3.0
OOX--XX--,0.0
OOX--XX-O,3.0
OOX--XXO-,3.0
OOX--XXOX,3.0
OOX--XXXO,-2.0
OOX-O--XX,3.0
OOX-O-X-X,3.0
OOX-O-XX-,3.0
OOX-O-XXX,3.0
OOX-OOXXX,2.0
OOX-OX--X,4.0
OOX-OX-X-,3.0
OOX-OX-XX,3.0
OOX-OXOXX,2.0
OOX-OXX--,3.0
OOX-OXX-X,3.0
OOX-OXXOX,2.0
OOX-OXXXO,-2.0
OOX-X----,5.0
OOX-X---X,0.0
OOX-X--OX,3.0
OOX-X--X-,0.0
OOX-X--XO,3.0
OOX-X-O-X,3.0
OOX-X-OX-,0.0
OOX-X-OXX,0.0
OOX-X-X--,5.0
OOX-X-X-O,4.0
OOX-X-XO-,4.0
OOX-X-XOX,3.0
OOX-X-XXO,3.0
OOX-XO--X,3.0
OOX-XO-X-,3.0
OOX-XO-XX,0.0
OOX-XOOXX,0.0
OOX-XOX--,4.0
OOX-XOX-X,3.0
OOX-XOXOX,2.0
OOX-XOXX-,3.0
OOX-XOXXO,2.0
OOX-XX---,1.0
OOX-XX--O,3.0
OOX-XX-O-,3.0
OOX-XX-OX,3.0
OOX-XX-XO,1.0
OOX-XXO--,3.0
OOX-XXO-X,3.0
OOX-XXOOX,2.0
OOX-XXOX-,0.0
OOX-XXOXO,1.0
OOX-XXX-O,3.0
OOX-XXXO-,3.0
OOX-XXXOO,2.0
OOXO---XX,3.0
OOXO--XX-,3.0
OOXO--XXX,3.0
OOXO-OXXX,2.0
OOXO-X--X,4.0
OOXO-X-X-,3.0
OOXO-X-XX,3.0
OOXO-XOXX,2.0
OOXO-XX--,3.0
OOXO-XX-X,3.0
OOXO-XXOX,2.0
OOXO-XXX-,1.0
OOXO-XXXO,1.0
OOXOO-XXX,2.0
OOXOOX-XX,2.0
OOXOOXX-X,2.0
OOXOOXXX-,1.0
OOXOOXXXX,1.0
OOXOX---X,3.0
OOXOX--X-,3.0
OOXOX--XX,0.0
OOXOX-OXX,0.0
OOXOX-X--,4.0
OOXOX-X-X,3.0
OOXOX-XOX,2.0
OOXOX-XX-,3.0
OOXOX-XXO,2.0
OOXOXO-XX,1.0
OOXOXOX-X,2.0
OOXOXOXX-,2.0
OOXOXOXXX,1.0
OOXOXX---,3.0
OOXOXX--X,3.0
OOXOXX-OX,2.0
OOXOXX-X-,0.0
OOXOXX-XO,1.0
OOXOXXO-X,2.0
OOXOXXOX-,0.0
OOXOXXOXX,1.0
OOXOXXX--,3.0
OOXOXXX-O,2.0
OOXOXXXO-,2.0
OOXOXXXOX,1.0
OOXOXXXXO,1.0
OOXX-----,3.0
OOXX----X,1.0
OOXX---OX,3.0
OOXX---X-,1.0
OOXX---XO,1.0
OOXX--O-X,3.0
OOXX--OX-,1.0
OOXX--OXX,0.0
OOXX--X--,0.0
OOXX--X-O,1.0
OOXX--XO-,3.0
OOXX--XXO,-2.0
OOXX-O--X,1.0
OOXX-O-X-,1.0
OOXX-O-XX,0.0
OOXX-OOXX,0.0
OOXX-OX--,3.0
OOXX-OX-X,1.0
OOXX-OXOX,1.0
OOXX-OXX-,1.0
OOXX-OXXO,1.0
OOXX-X---,0.0
OOXX-X--O,1.0
OOXX-X-O-,3.0
OOXX-X-OX,3.0
OOXX-XO--,3.0
OOXX-XO-X,3.0
OOXX-XOOX,2.0
OOXX-XOX-,1.0
OOXX-XOXO,1.0
OOXX-XX-O,0.0
OOXX-XXO-,0.0
OOXX-XXOO,1.0
OOXXO---X,3.0
OOXXO--X-,1.0
OOXXO--XX,1.0
OOXXO-OXX,1.0
OOXXO-X--,0.0
OOXXO-X-X,0.0
OOXXO-XOX,0.0
OOXXO-XX-,-2.0
OOXXO-XXO,-2.0
OOXXOO-XX,1.0
OOXXOOX-X,1.0
OOXXOOXX-,1.0
OOXXOOXXX,1.0
OOXXOX---,3.0
OOXXOX--X,3.0
OOXXOX-OX,2.0
OOXXOX-X-,-2.0
OOXXOX-XO,-2.0
OOXXOXO-X,2.0
OOXXOXOX-,1.0
OOXXOXOXX,1.0
OOXXOXX--,-2.0
OOXXOXX-O,-2.0
OOXXOXXO-,0.0
OOXXOXXOX,1.0
OOXXOXXXO,-1.0
OOXXX----,3.0
OOXXX---O,3.0
OOXXX--O-,3.0
OOXXX--XO,1.0
OOXXX-O--,3.0
OOXXX-O-X,0.0
OOXXX-OOX,1.0
OOXXX-OX-,0.0
OOXXX-OXO,1.0
OOXXX-X-O,3.0
OOXXX-XO-,3.0
OOXXX-XOO,2.0
OOXXXO---,3.0
OOXXXO--X,0.0
OOXXXO-OX,1.0
OOXXXO-X-,0.0
OOXXXO-XO,1.0
OOXXXOO-X,0.0
OOXXXOOX-,0.0
OOXXXOOXX,0.0
OOXXXOX--,3.0
OOXXXOX-O,2.0
OOXXXOXO-,2.0
OOXXXOXOX,1.0
OOXXXOXXO,1.0
OOXXXX--O,3.0
OOXXXX-O-,3.0
OOXXXX-OO,2.0
OOXXXXO--,3.0
OOXXXXO-O,2.0
OOXXXXOO-,2.0
OOXXXXOOX,1.0
OOXXXXOXO,1.0
OOXXXXXOO,1.0
OX-------,0.0
OX------X,0.0
OX-----OX,0.0
OX-----X-,0.0
OX-----XO,5.0
OX----O-X,0.0
OX----OX-,5.0
OX----OXX,0.0
OX----X--,0.0
OX----X-O,1.0
OX----XO-,0.0
OX----XOX,0.0
OX----XXO,-4.0
OX---O--X,3.0
OX---O-X-,5.0
OX---O-XX,3.0
OX---OOXX,3.0
OX---OX--,1.0
OX---OX-X,0.0
OX---OXOX,0.0
OX---OXX-,-1.0
OX---OXXO,-1.0
OX---X---,0.0
OX---X--O,1.0
OX---X-O-,0.0
OX---X-OX,0.0
OX---X-XO,-4.0
OX---XO--,0.0
OX---XO-X,0.0
OX---XOOX,3.0
OX---XOX-,-2.0
OX---XOXO,1.0
OX---XX-O,-4.0
OX---XXO-,0.0
OX---XXOO,1.0
OX--O---X,0.0
OX--O--X-,0.0
OX--O--XX,0.0
OX--O-OXX,0.0
OX--O-X--,0.0
OX--O-X-X,0.0
OX--O-XOX,0.0
OX--O-XX-,-4.0
OX--O-XXO,-4.0
OX--OO-XX,3.0
OX--OOX-X,3.0
OX--OOXX-,3.0
OX--OOXXX,3.0
OX--OX---,0.0
OX--OX--X,0.0
OX--OX-OX,3.0
OX--OX-X-,-4.0
OX--OX-XO,-4.0
OX--OXO-X,3.0
OX--OXOX-,-2.0
OX--OXOXX,-2.0
OX--OXX--,-4.0
OX--OXX-O,-4.0
OX--OXXO-,0.0
OX--OXXOX,0.0
OX--OXXXO,-3.0
OX--X----,0.0
OX--X---O,5.0
OX--X--O-,0.0
OX--X--OX,0.0
OX--X--XO,5.0
OX--X-O--,5.0
OX--X-O-X,0.0
OX--X-OOX,0.0
OX--X-OX-,5.0
OX--X-OXO,4.0
OX--X-X-O,1.0
OX--X-XO-,0.0
OX--X-XOO,3.0
OX--XO---,5.0
OX--XO--X,0.0
OX--XO-OX,0.0
OX--XO-X-,5.0
OX--XO-XO,4.0
OX--XOO-X,3.0
OX--XOOX-,4.0
OX--XOOXX,3.0
OX--XOX--,0.0
OX--XOX-O,3.0
OX--XOXO-,3.0
OX--XOXOX,0.0
OX--XOXXO,-1.0
OX--XX--O,1.0
OX--XX-O-,0.0
OX--XX-OO,1.0
OX--XXO--,0.0
OX--XXO-O,1.0
OX--XXOO-,0.0
OX--XXOOX,0.0
OX--XXOXO,3.0
OX--XXXOO,1.0
OX-O----X,1.0
OX-O---X-,5.0
OX-O--OXX,2.0
OX-O--X--,1.0
OX-O--X-X,1.0
OX-O--XOX,1.0
OX-O--XX-,0.0
OX-O--XXO,0.0
OX-O-O-XX,3.0
OX-O-OX-X,3.0
OX-O-OXX-,1.0
OX-O-OXXX,3.0
OX-O-X---,1.0
OX-O-X--X,0.0
OX-O-X-OX,3.0
OX-O-X-X-,0.0
OX-O-X-XO,3.0
OX-O-XO-X,2.0
OX-O-XOX-,2.0
OX-O-XOXX,-1.0
OX-O-XX--,1.0
OX-O-XX-O,1.0
OX-O-XXO-,1.0
OX-O-XXOX,0.0
OX-O-XXXO,-2.0
OX-OO--XX,3.0
OX-OO-X-X,3.0
OX-OO-XX-,0.0
OX-OO-XXX,3.0
OX-OOOXXX,2.0
OX-OOX--X,3.0
OX-OOX-X-,0.0
OX-OOX-XX,0.0
OX-OOXOXX,0.0
OX-OOXX--,1.0
OX-OOXX-X,1.0
OX-OOXXOX,1.0
OX-OOXXX-,-2.0
OX-OOXXXO,-2.0
OX-OX----,5.0
OX-OX---X,0.0
OX-OX--OX,0.0
OX-OX--X-,5.0
OX-OX--XO,4.0
OX-OX-O-X,2.0
OX-OX-OX-,4.0
OX-OX-OXX,3.0
OX-OX-X--,0.0
OX-OX-X-O,3.0
OX-OX-XO-,3.0
OX-OX-XOX,0.0
OX-OX-XXO,3.0
OX-OXO--X,3.0
OX-OXO-X-,4.0
OX-OXO-XX,3.0
OX-OXOOXX,2.0
OX-OXOX--,3.0
OX-OXOX-X,1.0
OX-OXOXOX,1.0
OX-OXOXX-,3.0
OX-OXOXXO,2.0
OX-OXX---,0.0
OX-OXX--O,3.0
OX-OXX-O-,0.0
OX-OXX-OX,0.0
OX-OXX-XO,3.0
OX-OXXO--,2.0
OX-OXXO-X,-1.0
OX-OXXOOX,0.0
OX-OXXOX-,3.0
OX-OXXOXO,2.0
OX-OXXX-O,1.0
OX-OXXXO-,0.0
OX-OXXXOO,1.0
OX-X-----,0.0
OX-X----O,1.0
OX-X---O-,0.0
OX-X---OX,0.0
OX-X---XO,-4.0
OX-X--O--,0.0
OX-X--O-X,0.0
OX-X--OOX,1.0
OX-X--OX-,-2.0
OX-X--OXO,3.0
OX-X--X-O,-4.0
OX-X--XO-,0.0
OX-X--XOO,1.0
OX-X-O---,0.0
OX-X-O--X,0.0
OX-X-O-OX,0.0
OX-X-O-X-,-1.0
OX-X-O-XO,-1.0
OX-X-OO-X,0.0
OX-X-OOX-,0.0
OX-X-OOXX,0.0
OX-X-OX--,-2.0
OX-X-OX-O,-2.0
OX-X-OXO-,0.0
OX-X-OXOX,0.0
OX-X-OXXO,-2.0
OX-X-X--O,-4.0
OX-X-X-O-,-1.0
OX-X-X-OO,-1.0
OX-X-XO--,-1.0
OX-X-XO-O,-1.0
OX-X-XOO-,0.0
OX-X-XOOX,1.0
OX-X-XOXO,-2.0
OX-X-XXOO,-2.0
OX-XO----,0.0
OX-XO---X,0.0
OX-XO--OX,0.0
OX-XO--X-,-4.0
OX-XO--XO,-4.0
OX-XO-O-X,0.0
OX-XO-OX-,-2.0
OX-XO-OXX,-2.0
OX-XO-X--,-4.0
OX-XO-X-O,-4.0
OX-XO-XO-,0.0
OX-XO-XOX,0.0
OX-XO-XXO,-3.0
OX-XOO--X,0.0
OX-XOO-XX,0.0
OX-XOOOXX,0.0
OX-XOOX--,0.0
OX-XOOX-X,0.0
OX-XOOXOX,0.0
OX-XOOXX-,-2.0
OX-XOOXXO,-2.0
OX-XOX---,-4.0
OX-XOX--O,-4.0
OX-XOX-O-,0.0
OX-XOX-OX,0.0
OX-XOX-XO,-3.0
OX-XOXO--,0.0
OX-XOXO-X,-2.0
OX-XOXOOX,1.0
OX-XOXOX-,-2.0
OX-XOXOXO,-2.0
OX-XOXX-O,-3.0
OX-XOXXO-,-2.0
OX-XOXXOO,-2.0
OX-XX---O,1.0
OX-XX--O-,0.0
OX-XX--OO,1.0
OX-XX-O--,0.0
OX-XX-O-O,3.0
OX-XX-OO-,0.0
OX-XX-OOX,0.0
OX-XX-OXO,3.0
OX-XX-XOO,1.0
OX-XXO---,0.0
OX-XXO--O,1.0
OX-XXO-O-,0.0
OX-XXO-OX,0.0
OX-XXO-XO,-1.0
OX-XXOO--,3.0
OX-XXOO-X,0.0
OX-XXOOOX,0.0
OX-XXOOX-,3.0
OX-XXOOXO,2.0
OX-XXOX-O,-2.0
OX-XXOXO-,0.0
OX-XXOXOO,1.0
OX-XXX-OO,-1.0
OX-XXXO-O,-1.0
OX-XXXOO-,-1.0
OX-XXXOOO,-2.0
OXO-----X,3.0
OXO----X-,5.0
OXO----XX,3.0
OXO---OXX,3.0
OXO---X--,0.0
OXO---X-X,0.0
OXO---XOX,0.0
OXO---XX-,-1.0
OXO---XXO,-1.0
OXO--O-XX,3.0
OXO--OX-X,3.0
OXO--OXX-,3.0
OXO--OXXX,3.0
OXO--X---,3.0
OXO--X--X,0.0
OXO--X-OX,0.0
OXO--X-X-,-2.0
OXO--X-XO,3.0
OXO--XO-X,0.0
OXO--XOXX,-2.0
OXO--XX--,0.0
OXO--XX-O,1.0
OXO--XXO-,0.0
OXO--XXOX,0.0
OXO--XXXO,-2.0
OXO-O--XX,3.0
OXO-O-X-X,3.0
OXO-O-XX-,3.0
OXO-O-XXX,3.0
OXO-OOXXX,2.0
OXO-OX--X,0.0
OXO-OX-X-,-2.0
OXO-OX-XX,-2.0
OXO-OXOXX,-2.0
OXO-OXX--,0.0
OXO-OXX-X,0.0
OXO-OXXOX,0.0
OXO-OXXX-,-2.0
OXO-OXXXO,-2.0
OXO-X----,5.0
OXO-X---X,0.0
OXO-X--OX,0.0
OXO-X--X-,5.0
OXO-X--XO,4.0
OXO-X-O-X,3.0
OXO-X-OX-,4.0
OXO-X-OXX,3.0
OXO-X-X--,0.0
OXO-X-X-O,1.0
OXO-X-XO-,0.0
OXO-X-XOX,0.0
OXO-X-XXO,-1.0
OXO-XO--X,3.0
OXO-XO-X-,4.0
OXO-XO-XX,3.0
OXO-XOOXX,2.0
OXO-XOX--,0.0
OXO-XOX-X,0.0
OXO-XOXOX,0.0
OXO-XOXX-,-1.0
OXO-XOXXO,-2.0
OXO-XX---,3.0
OXO-XX--O,3.0
OXO-XX-O-,3.0
OXO-XX-OX,0.0
OXO-XX-XO,3.0
OXO-XXO--,3.0
OXO-XXO-X,0.0
OXO-XXOOX,1.0
OXO-XXOX-,3.0
OXO-XXOXO,2.0
OXO-XXX-O,1.0
OXO-XXXO-,0.0
OXO-XXXOO,1.0
OXOO---XX,3.0
OXOO--X-X,3.0
OXOO--XX-,3.0
OXOO--XXX,3.0
OXOO-OXXX,2.0
OXOO-X--X,0.0
OXOO-X-X-,3.0
OXOO-X-XX,0.0
OXOO-XOXX,0.0
OXOO-XX--,1.0
OXOO-XX-X,0.0
OXOO-XXOX,0.0
OXOO-XXX-,1.0
OXOO-XXXO,1.0
OXOOO-XXX,2.0
OXOOOX-XX,1.0
OXOOOXX-X,1.0
OXOOOXXX-,1.0
OXOOOXXXX,1.0
OXOOX---X,3.0
OXOOX--X-,4.0
OXOOX--XX,3.0
OXOOX-OXX,2.0
OXOOX-X--,3.0
OXOOX-X-X,0.0
OXOOX-XOX,0.0
OXOOX-XX-,3.0
OXOOX-XXO,2.0
OXOOXO-XX,2.0
OXOOXOX-X,1.0
OXOOXOXX-,2.0
OXOOXOXXX,1.0
OXOOXX---,3.0
OXOOXX--X,0.0
OXOOXX-OX,0.0
OXOOXX-X-,3.0
OXOOXX-XO,2.0
OXOOXXO-X,0.0
OXOOXXOX-,2.0
OXOOXXOXX,1.0
OXOOXXX--,0.0
OXOOXXX-O,1.0
OXOOXXXO-,0.0
OXOOXXXOX,0.0
OXOOXXXXO,1.0
OXOX-----,0.0
OXOX----X,0.0
OXOX---OX,0.0
OXOX---X-,-2.0
OXOX---XO,0.0
OXOX--O-X,1.0
OXOX--OX-,3.0
OXOX--OXX,-2.0
OXOX--X--,-2.0
OXOX--X-O,-2.0
OXOX--XO-,0.0
OXOX--XOX,0.0
OXOX--XXO,-2.0
OXOX-O--X,1.0
OXOX-O-X-,1.0
OXOX-O-XX,1.0
OXOX-OOXX,1.0
OXOX-OX--,0.0
OXOX-OX-X,0.0
OXOX-OXOX,0.0
OXOX-OXX-,-2.0
OXOX-OXXO,-2.0
OXOX-X---,-2.0
OXOX-X--O,0.0
OXOX-X-O-,3.0
OXOX-X-OX,0.0
OXOX-X-XO,-2.0
OXOX-XO--,1.0
OXOX-XO-X,-2.0
OXOX-XOOX,1.0
OXOX-XOX-,-2.0
OXOX-XOXO,1.0
OXOX-XX-O,-2.0
OXOX-XXO-,0.0
OXOX-XXOO,1.0
OXOXO---X,0.0
OXOXO--X-,-2.0
OXOXO--XX,-2.0
OXOXO-OXX,-2.0
OXOXO-X--,0.0
OXOXO-X-X,0.0
OXOXO-XOX,0.0
OXOXO-XX-,-2.0
OXOXO-XXO,-2.0
OXOXOO-XX,1.0
OXOXOOX-X,1.0
OXOXOOXX-,1.0
OXOXOOXXX,1.0
OXOXOX---,-2.0
OXOXOX--X,-2.0
OXOXOX-OX,0.0
OXOXOX-X-,-2.0
OXOXOX-XO,-2.0
OXOXOXO-X,-2.0
OXOXOXOX-,-2.0
OXOXOXOXX,-1.0
OXOXOXX--,-2.0
OXOXOXX-O,-2.0
OXOXOXXO-,0.0
OXOXOXXOX,0.0
OXOXOXXXO,-1.0
OXOXX----,0.0
OXOXX---O,3.0
OXOXX--O-,3.0
OXOXX--OX,0.0
OXOXX--XO,-1.0
OXOXX-O--,3.0
OXOXX-O-X,1.0
OXOXX-OOX,1.0
OXOXX-OX-,3.0
OXOXX-OXO,2.0
OXOXX-X-O,-2.0
OXOXX-XO-,0.0
OXOXX-XOO,1.0
OXOXXO---,0.0
OXOXXO--X,0.0
OXOXXO-OX,0.0
OXOXXO-X-,-1.0
OXOXXO-XO,-2.0
OXOXXOO-X,1.0
OXOXXOOX-,2.0
OXOXXOOXX,1.0
OXOXXOX--,-2.0
OXOXXOX-O,-2.0
OXOXXOXO-,0.0
OXOXXOXOX,0.0
OXOXXOXXO,-1.0
OXOXXX--O,3.0
OXOXXX-O-,3.0
OXOXXX-OO,2.0
OXOXXXO--,2.0
OXOXXXO-O,2.0
OXOXXXOO-,2.0
OXOXXXOOX,1.0
OXOXXXOXO,1.0
OXOXXXXOO,1.0
OXX------,0.0
OXX-----O,3.0
OXX----O-,0.0
OXX----OX,0.0
OXX----XO,-4.0
OXX---O--,0.0
OXX---O-X,0.0
OXX---OOX,3.0
OXX---OX-,0.0
OXX---OXO,3.0
OXX---X-O,-4.0
OXX---XO-,0.0
OXX---XOO,3.0
OXX--O---,3.0
OXX--O--X,0.0
OXX--O-OX,0.0
OXX--O-X-,0.0
OXX--O-XO,2.0
OXX--OO-X,0.0
OXX--OOX-,3.0
OXX--OOXX,0.0
OXX--OX--,0.0
OXX--OX-O,3.0
OXX--OXO-,3.0
OXX--OXOX,0.0
OXX--OXXO,-2.0
OXX--X--O,-4.0
OXX--X-O-,-2.0
OXX--X-OO,-2.0
OXX--XO--,-2.0
OXX--XO-O,-2.0
OXX--XOO-,3.0
OXX--XOOX,3.0
OXX--XOXO,-2.0
OXX--XXOO,-2.0
OXX-O----,0.0
OXX-O---X,0.0
OXX-O--OX,3.0
OXX-O--X-,-4.0
OXX-O--XO,-4.0
OXX-O-O-X,3.0
OXX-O-OX-,0.0
OXX-O-OXX,0.0
OXX-O-X--,-4.0
OXX-O-X-O,-4.0
OXX-O-XO-,0.0
OXX-O-XOX,0.0
OXX-O-XXO,-3.0
OXX-OO--X,0.0
OXX-OO-X-,0.0
OXX-OO-XX,0.0
OXX-OOOXX,0.0
OXX-OOX--,0.0
OXX-OOX-X,0.0
OXX-OOXOX,0.0
OXX-OOXX-,-2.0
OXX-OOXXO,-2.0
OXX-OX---,-4.0
OXX-OX--O,-4.0
OXX-OX-O-,3.0
OXX-OX-OX,3.0
OXX-OX-XO,-3.0
OXX-OXO--,3.0
OXX-OXO-X,3.0
OXX-OXOOX,2.0
OXX-OXOX-,-2.0
OXX-OXOXO,-2.0
OXX-OXX-O,-3.0
OXX-OXXO-,-2.0
OXX-OXXOO,-2.0
OXX-X---O,3.0
OXX-X--O-,0.0
OXX-X--OO,3.0
OXX-X-O--,0.0
OXX-X-O-O,3.0
OXX-X-OO-,0.0
OXX-X-OOX,0.0
OXX-X-OXO,3.0
OXX-X-XOO,3.0
OXX-XO---,3.0
OXX-XO--O,3.0
OXX-XO-O-,3.0
OXX-XO-OX,0.0
OXX-XO-XO,3.0
OXX-XOO--,3.0
OXX-XOO-X,0.0
OXX-XOOOX,0.0
OXX-XOOX-,3.0
OXX-XOOXO,2.0
OXX-XOX-O,3.0
OXX-XOXO-,3.0
OXX-XOXOO,2.0
OXX-XX-OO,-2.0
OXX-XXO-O,-2.0
OXX-XXOO-,-2.0
OXX-XXOOO,-2.0
OXXO-----,2.0
OXXO----X,0.0
OXXO---OX,3.0
OXXO---X-,0.0
OXXO---XO,3.0
OXXO--O-X,2.0
OXXO--OX-,2.0
OXXO--X--,0.0
OXXO--X-O,3.0
OXXO--XO-,3.0
OXXO--XOX,1.0
OXXO--XXO,0.0
OXXO-O--X,0.0
OXXO-O-X-,3.0
OXXO-O-XX,0.0
OXXO-OOXX,0.0
OXXO-OX--,3.0
OXXO-OX-X,0.0
OXXO-OXOX,1.0
OXXO-X---,0.0
OXXO-X--O,0.0
OXXO-X-O-,3.0
OXXO-X-OX,3.0
OXXO-X-XO,-2.0
OXXO-XO--,2.0
OXXO-XO-X,3.0
OXXO-XOOX,2.0
OXXO-XOX-,-1.0
OXXO-XOXO,0.0
OXXO-XX-O,-2.0
OXXO-XXO-,1.0
OXXO-XXOO,1.0
OXXOO---X,3.0
OXXOO--X-,0.0
OXXOO--XX,0.0
OXXOO-OXX,0.0
OXXOO-X--,0.0
OXXOO-X-X,0.0
OXXOO-XOX,1.0
OXXOO-XX-,-2.0
OXXOO-XXO,-2.0
OXXOOO-XX,0.0
OXXOOOX-X,0.0
OXXOOOXX-,0.0
OXXOOOXXX,1.0
OXXOOX---,3.0
OXXOOX--X,3.0
OXXOOX-OX,2.0
OXXOOX-X-,-2.0
OXXOOX-XO,-2.0
OXXOOXO-X,2.0
OXXOOXOX-,0.0
OXXOOXOXX,1.0
OXXOOXX--,-2.0
OXXOOXX-O,-2.0
OXXOOXXO-,1.0
OXXOOXXOX,1.0
OXXOOXXXO,-1.0
OXXOX----,2.0
OXXOX---O,3.0
OXXOX--O-,3.0
OXXOX--OX,0.0
OXXOX--XO,3.0
OXXOX-O--,2.0
OXXOX-O-X,-1.0
OXXOX-OOX,0.0
OXXOX-OX-,3.0
OXXOX-OXO,2.0
OXXOX-X-O,3.0
OXXOX-XO-,3.0
OXXOX-XOO,2.0
OXXOXO---,3.0
OXXOXO--X,0.0
OXXOXO-OX,1.0
OXXOXO-X-,3.0
OXXOXO-XO,2.0
OXXOXOO-X,0.0
OXXOXOOX-,2.0
OXXOXOOXX,1.0
OXXOXOX--,3.0
OXXOXOX-O,2.0
OXXOXOXO-,2.0
OXXOXOXOX,1.0
OXXOXOXXO,1.0
OXXOXX--O,0.0
OXXOXX-O-,0.0
OXXOXX-OO,1.0
OXXOXXO--,-1.0
OXXOXXO-O,0.0
OXXOXXOO-,0.0
OXXOXXOOX,1.0
OXXOXXOXO,1.0
OXXOXXXOO,1.0
OXXX----O,-4.0
OXXX---O-,-2.0
OXXX---OO,-2.0
OXXX--O--,-2.0
OXXX--O-O,-2.0
OXXX--OO-,0.0
OXXX--OOX,0.0
OXXX--OXO,-2.0
OXXX--XOO,-2.0
OXXX-O---,0.0
OXXX-O--O,1.0
OXXX-O-O-,0.0
OXXX-O-OX,0.0
OXXX-O-XO,-2.0
OXXX-OO--,0.0
OXXX-OO-X,0.0
OXXX-OOOX,0.0
OXXX-OOX-,0.0
OXXX-OOXO,1.0
OXXX-OX-O,-2.0
OXXX-OXO-,0.0
OXXX-OXOO,1.0
OXXX-X-OO,-2.0
OXXX-XO-O,-2.0
OXXX-XOO-,-2.0
OXXX-XOOO,-2.0
OXXXO----,-4.0
OXXXO---O,-4.0
OXXXO--O-,0.0
OXXXO--OX,0.0
OXXXO--XO,-3.0
OXXXO-O--,0.0
OXXXO-O-X,0.0
OXXXO-OOX,1.0
OXXXO-OX-,-2.0
OXXXO-OXO,-2.0
OXXXO-X-O,-3.0
OXXXO-XO-,-2.0
OXXXO-XOO,-2.0
OXXXOO---,0.0
OXXXOO--X,0.0
OXXXOO-OX,0.0
OXXXOO-X-,-2.0
OXXXOO-XO,-2.0
OXXXOOO-X,0.0
OXXXOOOX-,0.0
OXXXOOOXX,0.0
OXXXOOX--,-2.0
OXXXOOX-O,-2.0
OXXXOOXO-,0.0
OXXXOOXOX,0.0
OXXXOOXXO,-1.0
OXXXOX--O,-3.0
OXXXOX-O-,-2.0
OXXXOX-OO,-2.0
OXXXOXO--,-1.0
OXXXOXO-O,-2.0
OXXXOXOO-,1.0
OXXXOXOOX,1.0
OXXXOXOXO,-1.0
OXXXOXXOO,-1.0
OXXXX--OO,-2.0
OXXXX-O-O,-2.0
OXXXX-OO-,-2.0
OXXXX-OOO,-2.0
OXXXXO--O,1.0
OXXXXO-O-,0.0
OXXXXO-OO,1.0
OXXXXOO--,0.0
OXXXXOO-O,1.0
OXXXXOOO-,0.0
OXXXXOOOX,0.0
OXXXXOOXO,1.0
OXXXXOXOO,1.0
OXXXXXOOO,-1.0
X--------,0.0
X-------O,0.0
X------O-,3.0
X------OX,0.0
X------XO,0.0
X-----O--,0.0
X-----O-X,0.0
X-----OOX,5.0
X-----OX-,0.0
X-----OXO,0.0
X-----X-O,0.0
X-----XO-,0.0
X-----XOO,5.0
X----O---,3.0
X----O--X,0.0
X----O-OX,2.0
X----O-X-,-1.0
X----O-XO,1.0
X----OO-X,5.0
X----OOX-,0.0
X----OOXX,-2.0
X----OX--,3.0
X----OX-O,3.0
X----OXO-,5.0
X----OXOX,-1.0
X----OXXO,-4.0
X----X--O,0.0
X----X-O-,-1.0
X----X-OO,1.0
X----XO--,0.0
X----XO-O,0.0
X----XOO-,3.0
X----XOOX,3.0
X----XOXO,0.0
X----XXOO,1.0
X---O----,0.0
X---O---X,0.0
X---O--OX,0.0
X---O--X-,-1.0
X---O--XO,0.0
X---O-O-X,0.0
X---O-OX-,0.0
X---O-OXX,-4.0
X---O-X--,0.0
X---O-X-O,5.0
X---O-XO-,0.0
X---O-XOX,-4.0
X---O-XXO,-1.0
X---OO--X,0.0
X---OO-X-,-1.0
X---OO-XX,-2.0
X---OOOXX,-2.0
X---OOX--,5.0
X---OOX-X,-1.0
X---OOXOX,-1.0
X---OOXX-,-1.0
X---OOXXO,-1.0
X---OX---,-1.0
X---OX--O,0.0
X---OX-O-,-1.0
X---OX-OX,-2.0
X---OX-XO,0.0
X---OXO--,0.0
X---OXO-X,-4.0
X---OXOOX,3.0
X---OXOX-,-4.0
X---OXOXO,0.0
X---OXX-O,0.0
X---OXXO-,-4.0
X---OXXOO,1.0
X---X---O,0.0
X---X--O-,0.0
X---X--OO,0.0
X---X-O--,0.0
X---X-O-O,0.0
X---X-OO-,5.0
X---X-OOX,5.0
X---X-OXO,0.0
X---X-XOO,0.0
X---XO---,0.0
X---XO--O,0.0
X---XO-O-,1.0
X---XO-OX,5.0
X---XO-XO,-4.0
X---XOO--,5.0
X---XOO-X,5.0
X---XOOOX,4.0
X---XOOX-,0.0
X---XOOXO,0.0
X---XOX-O,-4.0
X---XOXO-,3.0
X---XOXOO,3.0
X---XX-OO,-4.0
X---XXO-O,-4.0
X---XXOO-,-4.0
X---XXOOO,-4.0
X--O-----,3.0
X--O----X,0.0
X--O---OX,1.0
X--O---X-,0.0
X--O---XO,0.0
X--O--O-X,5.0
X--O--OX-,3.0
X--O--OXX,-2.0
X--O--X--,0.0
X--O--X-O,0.0
X--O--XO-,3.0
X--O--XOX,0.0
X--O--XXO,-2.0
X--O-O--X,5.0
X--O-O-X-,0.0
X--O-O-XX,0.0
X--O-OOXX,3.0
X--O-OX--,3.0
X--O-OX-X,0.0
X--O-OXOX,3.0
X--O-OXX-,-2.0
X--O-OXXO,-2.0
X--O-X---,0.0
X--O-X--O,0.0
X--O-X-O-,3.0
X--O-X-OX,3.0
X--O-X-XO,0.0
X--O-XO--,3.0
X--O-XO-X,3.0
X--O-XOOX,3.0
X--O-XOX-,1.0
X--O-XOXO,1.0
X--O-XX-O,0.0
X--O-XXO-,0.0
X--O-XXOO,1.0
X--OO---X,0.0
X--OO--X-,0.0
X--OO--XX,-2.0
X--OO-OXX,-2.0
X--OO-X--,0.0
X--OO-X-X,0.0
X--OO-XOX,0.0
X--OO-XX-,0.0
X--OO-XXO,0.0
X--OOO-XX,2.0
X--OOOX-X,2.0
X--OOOXX-,2.0
X--OOOXXX,3.0
X--OOX---,3.0
X--OOX--X,0.0
X--OOX-OX,3.0
X--OOX-X-,0.0
X--OOX-XO,0.0
X--OOXO-X,3.0
X--OOXOX-,1.0
X--OOXOXX,-2.0
X--OOXX--,0.0
X--OOXX-O,0.0
X--OOXXO-,0.0
X--OOXXOX,0.0
X--OOXXXO,0.0
X--OX----,0.0
X--OX---O,0.0
X--OX--O-,3.0
X--OX--OX,5.0
X--OX--XO,0.0
X--OX-O--,5.0
X--OX-O-X,5.0
X--OX-OOX,4.0
X--OX-OX-,3.0
X--OX-OXO,3.0
X--OX-X-O,0.0
X--OX-XO-,3.0
X--OX-XOO,3.0
X--OXO---,5.0
X--OXO--X,5.0
X--OXO-OX,4.0
X--OXO-X-,1.0
X--OXO-XO,1.0
X--OXOO-X,4.0
X--OXOOX-,3.0
X--OXOOXX,3.0
X--OXOX--,3.0
X--OXOX-O,3.0
X--OXOXO-,3.0
X--OXOXOX,3.0
X--OXOXXO,-2.0
X--OXX--O,0.0
X--OXX-O-,0.0
X--OXX-OO,0.0
X--OXXO--,0.0
X--OXXO-O,0.0
X--OXXOO-,3.0
X--OXXOOX,3.0
X--OXXOXO,0.0
X--OXXXOO,0.0
X--X----O,-2.0
X--X---O-,-1.0
X--X---OO,5.0
X--X--O--,-2.0
X--X--O-O,-2.0
X--X--OO-,0.0
X--X--OOX,0.0
X--X--OXO,-2.0
X--X--XOO,5.0
X--X-O---,0.0
X--X-O--O,0.0
X--X-O-O-,5.0
X--X-O-OX,1.0
X--X-O-XO,-4.0
X--X-OO--,0.0
X--X-OO-X,0.0
X--X-OOOX,3.0
X--X-OOX-,-2.0
X--X-OOXO,0.0
X--X-OX-O,-3.0
X--X-OXO-,5.0
X--X-OXOO,4.0
X--X-X-OO,-4.0
X--X-XO-O,-4.0
X--X-XOO-,-4.0
X--X-XOOO,-4.0
X--XO----,-1.0
X--XO---O,5.0
X--XO--O-,-1.0
X--XO--OX,-4.0
X--XO--XO,-1.0
X--XO-O--,0.0
X--XO-O-X,-4.0
X--XO-OOX,0.0
X--XO-OX-,-4.0
X--XO-OXO,0.0
X--XO-X-O,5.0
X--XO-XO-,-3.0
X--XO-XOO,4.0
X--XOO---,5.0
X--XOO--X,0.0
X--XOO-OX,1.0
X--XOO-X-,-1.0
X--XOO-XO,1.0
X--XOOO-X,0.0
X--XOOOX-,0.0
X--XOOOXX,-2.0
X--XOOX--,5.0
X--XOOX-O,4.0
X--XOOXO-,4.0
X--XOOXOX,-1.0
X--XOOXXO,-1.0
X--XOX--O,-1.0
X--XOX-O-,-4.0
X--XOX-OO,-1.0
X--XOXO--,-4.0
X--XOXOOX,-2.0
X--XOXOXO,-2.0
X--XOXXOO,-1.0
X--XX--OO,-4.0
X--XX-O-O,-4.0
X--XX-OO-,-4.0
X--XX-OOO,-4.0
X--XXO--O,-4.0
X--XXO-O-,-1.0
X--XXO-OO,-1.0
X--XXOO--,-2.0
X--XXOO-O,-2.0
X--XXOOO-,3.0
X--XXOOOX,3.0
X--XXOOXO,-2.0
X--XXOXOO,-1.0
X--XXXOOO,-3.0
X-O------,0.0
X-O-----X,0.0
X-O----OX,5.0
X-O----X-,0.0
X-O----XO,0.0
X-O---O-X,5.0
X-O---OX-,1.0
X-O---OXX,-4.0
X-O---X--,0.0
X-O---X-O,0.0
X-O---XO-,5.0
X-O---XOX,0.0
X-O---XXO,-4.0
X-O--O--X,5.0
X-O--O-X-,3.0
X-O--O-XX,3.0
X-O--OOXX,3.0
X-O--OX--,3.0
X-O--OX-X,3.0
X-O--OXOX,3.0
X-O--OXX-,-4.0
X-O--OXXO,-4.0
X-O--X---,0.0
X-O--X--O,0.0
X-O--X-O-,0.0
X-O--X-OX,-2.0
X-O--X-XO,0.0
X-O--XO--,1.0
X-O--XO-X,-4.0
X-O--XOOX,3.0
X-O--XOX-,0.0
X-O--XOXO,1.0
X-O--XX-O,0.0
X-O--XXO-,0.0
X-O--XXOO,3.0
X-O-O---X,0.0
X-O-O--X-,0.0
X-O-O--XX,-4.0
X-O-O-OXX,-4.0
X-O-O-X--,5.0
X-O-O-X-X,0.0
X-O-O-XOX,0.0
X-O-O-XX-,0.0
X-O-O-XXO,0.0
X-O-OO-XX,3.0
X-O-OOX-X,3.0
X-O-OOXX-,3.0
X-O-OOXXX,3.0
X-O-OX---,0.0
X-O-OX--X,-4.0
X-O-OX-OX,-2.0
X-O-OX-X-,-4.0
X-O-OX-XO,0.0
X-O-OXO-X,-4.0
X-O-OXOX-,-4.0
X-O-OXOXX,-3.0
X-O-OXX--,0.0
X-O-OXX-O,3.0
X-O-OXXO-,0.0
X-O-OXXOX,-2.0
X-O-OXXXO,0.0
X-O-X----,0.0
X-O-X---O,0.0
X-O-X--O-,5.0
X-O-X--OX,5.0
X-O-X--XO,-4.0
X-O-X-O--,5.0
X-O-X-O-X,5.0
X-O-X-OOX,4.0
X-O-X-OX-,1.0
X-O-X-OXO,1.0
X-O-X-X-O,-4.0
X-O-X-XO-,0.0
X-O-X-XOO,0.0
X-O-XO---,5.0
X-O-XO--X,5.0
X-O-XO-OX,4.0
X-O-XO-X-,-4.0
X-O-XO-XO,-4.0
X-O-XOO-X,4.0
X-O-XOOX-,3.0
X-O-XOOXX,3.0
X-O-XOX--,-4.0
X-O-XOX-O,-4.0
X-O-XOXO-,3.0
X-O-XOXOX,3.0
X-O-XOXXO,-3.0
X-O-XX--O,0.0
X-O-XX-O-,0.0
X-O-XX-OO,0.0
X-O-XXO--,1.0
X-O-XXO-O,1.0
X-O-XXOO-,3.0
X-O-XXOOX,3.0
X-O-XXOXO,1.0
X-O-XXXOO,0.0
X-OO----X,5.0
X-OO---X-,3.0
X-OO---XX,3.0
X-OO--OXX,3.0
X-OO--X--,3.0
X-OO--X-X,3.0
X-OO--XOX,3.0
X-OO--XX-,0.0
X-OO--XXO,0.0
X-OO-O-XX,3.0
X-OO-OX-X,3.0
X-OO-OXX-,3.0
X-OO-OXXX,3.0
X-OO-X---,0.0
X-OO-X--X,0.0
X-OO-X-OX,3.0
X-OO-X-X-,0.0
X-OO-X-XO,0.0
X-OO-XO-X,3.0
X-OO-XOX-,1.0
X-OO-XOXX,-2.0
X-OO-XX--,0.0
X-OO-XX-O,0.0
X-OO-XXO-,0.0
X-OO-XXOX,0.0
X-OO-XXXO,0.0
X-OOO--XX,3.0
X-OOO-X-X,3.0
X-OOO-XX-,3.0
X-OOO-XXX,3.0
X-OOOOXXX,2.0
X-OOOX--X,0.0
X-OOOX-X-,0.0
X-OOOX-XX,-2.0
X-OOOXOXX,-2.0
X-OOOXX--,0.0
X-OOOXX-X,0.0
X-OOOXXOX,0.0
X-OOOXXX-,0.0
X-OOOXXXO,0.0
X-OOX----,5.0
X-OOX---X,5.0
X-OOX--OX,4.0
X-OOX--X-,0.0
X-OOX--XO,0.0
X-OOX-O-X,4.0
X-OOX-OX-,3.0
X-OOX-OXX,3.0
X-OOX-X--,0.0
X-OOX-X-O,0.0
X-OOX-XO-,3.0
X-OOX-XOX,3.0
X-OOX-XXO,-2.0
X-OOXO--X,4.0
X-OOXO-X-,3.0
X-OOXO-XX,3.0
X-OOXOOXX,2.0
X-OOXOX--,3.0
X-OOXOX-X,3.0
X-OOXOXOX,2.0
X-OOXOXX-,0.0
X-OOXOXXO,-2.0
X-OOXX---,0.0
X-OOXX--O,0.0
X-OOXX-O-,3.0
X-OOXX-OX,3.0
X-OOXX-XO,0.0
X-OOXXO--,3.0
X-OOXXO-X,3.0
X-OOXXOOX,2.0
X-OOXXOX-,1.0
X-OOXXOXO,1.0
X-OOXXX-O,0.0
X-OOXXXO-,0.0
X-OOXXXOO,0.0
X-OX-----,-1.0
X-OX----O,-1.0
X-OX---O-,1.0
X-OX---OX,-1.0
X-OX---XO,-4.0
X-OX--O--,0.0
X-OX--O-X,-4.0
X-OX--OOX,2.0
X-OX--OX-,-4.0
X-OX--OXO,-2.0
X-OX--X-O,-3.0
X-OX--XO-,5.0
X-OX--XOO,4.0
X-OX-O---,3.0
X-OX-O--X,3.0
X-OX-O-OX,3.0
X-OX-O-X-,-4.0
X-OX-O-XO,-4.0
X-OX-OO-X,3.0
X-OX-OOX-,-2.0
X-OX-OOXX,-2.0
X-OX-OX--,-3.0
X-OX-OX-O,-4.0
X-OX-OXO-,4.0
X-OX-OXOX,3.0
X-OX-OXXO,-3.0
X-OX-X--O,-1.0
X-OX-X-O-,-1.0
X-OX-X-OO,3.0
X-OX-XO--,-1.0
X-OX-XO-O,-1.0
X-OX-XOO-,-1.0
X-OX-XOOX,-2.0
X-OX-XOXO,-2.0
X-OX-XXOO,3.0
X-OXO----,5.0
X-OXO---X,-4.0
X-OXO--OX,-1.0
X-OXO--X-,-4.0
X-OXO--XO,-1.0
X-OXO-O-X,-4.0
X-OXO-OX-,-4.0
X-OXO-OXX,-3.0
X-OXO-X--,5.0
X-OXO-X-O,4.0
X-OXO-XO-,4.0
X-OXO-XOX,-1.0
X-OXO-XXO,-1.0
X-OXOO--X,3.0
X-OXOO-X-,-1.0
X-OXOO-XX,-2.0
X-OXOOOXX,-2.0
X-OXOOX--,4.0
X-OXOOX-X,3.0
X-OXOOXOX,2.0
X-OXOOXX-,-1.0
X-OXOOXXO,-2.0
X-OXOX---,-4.0
X-OXOX--O,3.0
X-OXOX-O-,0.0
X-OXOX-OX,-2.0
X-OXOX-XO,-2.0
X-OXOXO--,-4.0
X-OXOXO-X,-3.0
X-OXOXOOX,-2.0
X-OXOXOX-,-3.0
X-OXOXOXO,-2.0
X-OXOXX-O,3.0
X-OXOXXO-,-1.0
X-OXOXXOO,2.0
X-OXX---O,-4.0
X-OXX--O-,-1.0
X-OXX--OO,-1.0
X-OXX-O--,0.0
X-OXX-O-O,0.0
X-OXX-OO-,3.0
X-OXX-OOX,3.0
X-OXX-OXO,-2.0
X-OXX-XOO,-1.0
X-OXXO---,-4.0
X-OXXO--O,-4.0
X-OXXO-OX,3.0
X-OXXO-XO,-3.0
X-OXXOO--,3.0
X-OXXOO-X,3.0
X-OXXOOOX,2.0
X-OXXOOX-,-2.0
X-OXXOOXO,-2.0
X-OXXOX-O,-3.0
X-OXXOXO-,-1.0
X-OXXOXOO,-2.0
X-OXXX-OO,-1.0
X-OXXXO-O,-1.0
X-OXXXOO-,-1.0
X-OXXXOOO,-2.0
X-X-----O,0.0
X-X----O-,3.0
X-X----OO,3.0
X-X---O--,0.0
X-X---O-O,0.0
X-X---OO-,3.0
X-X---OOX,3.0
X-X---OXO,0.0
X-X---XOO,3.0
X-X--O---,0.0
X-X--O--O,5.0
X-X--O-O-,5.0
X-X--O-OX,-1.0
X-X--O-XO,1.0
X-X--OO--,5.0
X-X--OO-X,0.0
X-X--OOOX,3.0
X-X--OOX-,0.0
X-X--OOXO,3.0
X-X--OX-O,3.0
X-X--OXO-,0.0
X-X--OXOO,3.0
X-X--X-OO,-4.0
X-X--XO-O,-4.0
X-X--XOO-,-4.0
X-X--XOOO,-4.0
X-X-O----,0.0
X-X-O---O,5.0
X-X-O--O-,5.0
X-X-O--OX,-1.0
X-X-O--XO,0.0
X-X-O-O--,5.0
X-X-O-O-X,0.0
X-X-O-OOX,3.0
X-X-O-OX-,0.0
X-X-O-OXO,3.0
X-X-O-X-O,0.0
X-X-O-XO-,-4.0
X-X-O-XOO,3.0
X-X-OO---,0.0
X-X-OO--X,-4.0
X-X-OO-OX,-1.0
X-X-OO-X-,-4.0
X-X-OO-XO,1.0
X-X-OOO-X,0.0
X-X-OOOX-,0.0
X-X-OOOXX,-2.0
X-X-OOX--,-4.0
X-X-OOX-O,3.0
X-X-OOXO-,-1.0
X-X-OOXOX,-2.0
X-X-OOXXO,-2.0
X-X-OX--O,-1.0
X-X-OX-O-,-1.0
X-X-OX-OO,-1.0
X-X-OXO--,0.0
X-X-OXO-O,0.0
X-X-OXOO-,3.0
X-X-OXOOX,3.0
X-X-OXOXO,0.0
X-X-OXXOO,-2.0
X-X-X--OO,-4.0
X-X-X-O-O,-4.0
X-X-X-OO-,-4.0
X-X-X-OOO,-4.0
X-X-XO--O,0.0
X-X-XO-O-,0.0
X-X-XO-OO,3.0
X-X-XOO--,0.0
X-X-XOO-O,0.0
X-X-XOOO-,3.0
X-X-XOOOX,3.0
X-X-XOOXO,0.0
X-X-XOXOO,3.0
X-X-XXOOO,-3.0
X-XO-----,3.0
X-XO----O,5.0
X-XO---O-,5.0
X-XO---XO,0.0
X-XO--O--,5.0
X-XO--O-X,3.0
X-XO--OOX,3.0
X-XO--OX-,1.0
X-XO--OXO,3.0
X-XO--X-O,0.0
X-XO--XO-,0.0
X-XO--XOO,3.0
X-XO-O---,3.0
X-XO-O--X,-4.0
X-XO-O-X-,-2.0
X-XO-O-XO,1.0
X-XO-OO-X,3.0
X-XO-OOX-,1.0
X-XO-OOXX,-2.0
X-XO-OX--,-4.0
X-XO-OX-O,3.0
X-XO-OXO-,3.0
X-XO-OXOX,-2.0
X-XO-OXXO,-2.0
X-XO-X--O,0.0
X-XO-X-O-,0.0
X-XO-X-OO,1.0
X-XO-XO--,0.0
X-XO-XO-O,0.0
X-XO-XOO-,3.0
X-XO-XOOX,3.0
X-XO-XOXO,0.0
X-XO-XXOO,1.0
X-XOO----,3.0
X-XOO---X,-4.0
X-XOO--X-,-4.0
X-XOO--XO,0.0
X-XOO-O-X,3.0
X-XOO-OX-,1.0
X-XOO-OXX,-2.0
X-XOO-X--,-4.0
X-XOO-X-O,0.0
X-XOO-XO-,0.0
X-XOO-XOX,-2.0
X-XOO-XXO,-2.0
X-XOOO--X,-4.0
X-XOOO-X-,-4.0
X-XOOO-XX,-3.0
X-XOOOOXX,-2.0
X-XOOOX--,-4.0
X-XOOOX-X,-3.0
X-XOOOXOX,-2.0
X-XOOOXX-,-3.0
X-XOOOXXO,-2.0
X-XOOX---,3.0
X-XOOX--O,3.0
X-XOOX-O-,3.0
X-XOOX-OX,3.0
X-XOOX-XO,0.0
X-XOOXO--,3.0
X-XOOXO-X,3.0
X-XOOXOOX,2.0
X-XOOXOX-,1.0
X-XOOXOXO,1.0
X-XOOXX-O,0.0
X-XOOXXO-,0.0
X-XOOXXOO,1.0
X-XOX---O,0.0
X-XOX--O-,0.0
X-XOX--OO,3.0
X-XOX-O--,0.0
X-XOX-O-O,0.0
X-XOX-OO-,3.0
X-XOX-OOX,3.0
X-XOX-OXO,0.0
X-XOX-XOO,3.0
X-XOXO---,3.0
X-XOXO--O,3.0
X-XOXO-O-,3.0
X-XOXO-OX,3.0
X-XOXO-XO,1.0
X-XOXOO--,3.0
X-XOXOO-X,3.0
X-XOXOOOX,2.0
X-XOXOOX-,1.0
X-XOXOOXO,1.0
X-XOXOX-O,3.0
X-XOXOXO-,3.0
X-XOXOXOO,2.0
X-XOXX-OO,-2.0
X-XOXXO-O,-2.0
X-XOXXOOO,-2.0
X-XX---OO,-4.0
X-XX--O-O,-4.0
X-XX--OO-,-4.0
X-XX--OOO,-4.0
X-XX-O--O,0.0
X-XX-O-O-,1.0
X-XX-O-OO,3.0
X-XX-OO--,0.0
X-XX-OO-O,0.0
X-XX-OOO-,1.0
X-XX-OOOX,1.0
X-XX-OOXO,0.0
X-XX-OXOO,3.0
X-XX-XOOO,-3.0
X-XXO---O,-1.0
X-XXO--O-,-4.0
X-XXO--OO,-1.0
X-XXO-O--,0.0
X-XXO-O-O,0.0
X-XXO-OO-,0.0
X-XXO-OOX,0.0
X-XXO-OXO,0.0
X-XXO-XOO,-1.0
X-XXOO---,0.0
X-XXOO--O,3.0
X-XXOO-O-,3.0
X-XXOO-OX,-2.0
X-XXOO-XO,1.0
X-XXOOO--,3.0
X-XXOOO-X,0.0
X-XXOOOOX,1.0
X-XXOOOX-,0.0
X-XXOOOXO,1.0
X-XXOOX-O,3.0
X-XXOOXO-,-1.0
X-XXOOXOO,2.0
X-XXOX-OO,-2.0
X-XXOXO-O,-2.0
X-XXOXOO-,-2.0
X-XXOXOOO,-2.0
X-XXX-OOO,-3.0
X-XXXO-OO,-2.0
X-XXXOO-O,-2.0
X-XXXOOO-,-2.0
X-XXXOOOO,-2.0
XO-------,3.0
XO------X,0.0
XO-----OX,2.0
XO-----X-,0.0
XO-----XO,0.0
XO----O-X,5.0
XO----OX-,0.0
XO----OXX,0.0
XO----X--,3.0
XO----X-O,5.0
XO----XO-,3.0
XO----XOX,-4.0
XO----XXO,0.0
XO---O--X,2.0
XO---O-X-,3.0
XO---O-XX,3.0
XO---OOXX,3.0
XO---OX--,5.0
XO---OX-X,0.0
XO---OXOX,0.0
XO---OXX-,1.0
XO---OXXO,1.0
XO---X---,0.0
XO---X--O,0.0
XO---X-O-,1.0
XO---X-OX,1.0
XO---X-XO,0.0
XO---XO--,3.0
XO---XO-X,3.0
XO---XOOX,3.0
XO---XOX-,0.0
XO---XOXO,0.0
XO---XX-O,0.0
XO---XXO-,-4.0
XO---XXOO,1.0
XO--O---X,0.0
XO--O--X-,3.0
XO--O--XX,0.0
XO--O-OXX,0.0
XO--O-X--,3.0
XO--O-X-X,-4.0
XO--O-XOX,-4.0
XO--O-XX-,3.0
XO--O-XXO,3.0
XO--OO-XX,3.0
XO--OOX-X,3.0
XO--OOXX-,3.0
XO--OOXXX,3.0
XO--OX---,0.0
XO--OX--X,-2.0
XO--OX-OX,2.0
XO--OX-X-,0.0
XO--OX-XO,0.0
XO--OXO-X,3.0
XO--OXOX-,0.0
XO--OXOXX,-2.0
XO--OXX--,-4.0
XO--OXX-O,0.0
XO--OXXO-,-4.0
XO--OXXOX,-3.0
XO--OXXXO,0.0
XO--X----,0.0
XO--X---O,0.0
XO--X--O-,1.0
XO--X--OX,2.0
XO--X--XO,0.0
XO--X-O--,5.0
XO--X-O-X,5.0
XO--X-OOX,4.0
XO--X-OX-,0.0
XO--X-OXO,0.0
XO--X-X-O,0.0
XO--X-XO-,3.0
XO--X-XOO,3.0
XO--XO---,5.0
XO--XO--X,5.0
XO--XO-OX,4.0
XO--XO-X-,0.0
XO--XO-XO,0.0
XO--XOO-X,4.0
XO--XOOX-,3.0
XO--XOOXX,3.0
XO--XOX--,0.0
XO--XOX-O,3.0
XO--XOXO-,3.0
XO--XOXOX,1.0
XO--XOXXO,-2.0
XO--XX--O,0.0
XO--XX-O-,0.0
XO--XX-OO,1.0
XO--XXO--,0.0
XO--XXO-O,0.0
XO--XXOO-,1.0
XO--XXOOX,3.0
XO--XXOXO,0.0
XO--XXXOO,1.0
XO-O----X,2.0
XO-O---X-,3.0
XO-O---XX,3.0
XO-O--OXX,3.0
XO-O--X--,3.0
XO-O--X-X,3.0
XO-O--XOX,3.0
XO-O--XX-,0.0
XO-O--XXO,0.0
XO-O-O-XX,3.0
XO-O-OX-X,3.0
XO-O-OXX-,3.0
XO-O-OXXX,3.0
XO-O-X---,3.0
XO-O-X--X,3.0
XO-O-X-OX,3.0
XO-O-X-X-,0.0
XO-O-X-XO,0.0
XO-O-XO-X,3.0
XO-O-XOX-,1.0
XO-O-XOXX,1.0
XO-O-XX--,0.0
XO-O-XX-O,0.0
XO-O-XXO-,1.0
XO-O-XXOX,0.0
XO-O-XXXO,0.0
XO-OO--XX,3.0
XO-OO-X-X,3.0
XO-OO-XX-,3.0
XO-OO-XXX,3.0
XO-OOOXXX,2.0
XO-OOX--X,3.0
XO-OOX-X-,0.0
XO-OOX-XX,0.0
XO-OOXOXX,1.0
XO-OOXX--,0.0
XO-OOXX-X,0.0
XO-OOXXOX,0.0
XO-OOXXX-,0.0
XO-OOXXXO,0.0
XO-OX----,1.0
XO-OX---X,5.0
XO-OX--OX,4.0
XO-OX--X-,0.0
XO-OX--XO,0.0
XO-OX-O-X,4.0
XO-OX-OX-,3.0
XO-OX-OXX,3.0
XO-OX-X--,3.0
XO-OX-X-O,3.0
XO-OX-XO-,3.0
XO-OX-XOX,3.0
XO-OX-XXO,0.0
XO-OXO--X,4.0
XO-OXO-X-,3.0
XO-OXO-XX,3.0
XO-OXOOXX,2.0
XO-OXOX--,3.0
XO-OXOX-X,3.0
XO-OXOXOX,2.0
XO-OXOXX-,1.0
XO-OXOXXO,1.0
XO-OXX---,0.0
XO-OXX--O,0.0
XO-OXX-O-,3.0
XO-OXX-OX,3.0
XO-OXX-XO,0.0
XO-OXXO--,3.0
XO-OXXO-X,3.0
XO-OXXOOX,2.0
XO-OXXOX-,0.0
XO-OXXOXO,0.0
XO-OXXX-O,0.0
XO-OXXXO-,1.0
XO-OXXXOO,1.0
XO-X-----,0.0
XO-X----O,2.0
XO-X---O-,3.0
XO-X---OX,-1.0
XO-X---XO,0.0
XO-X--O--,0.0
XO-X--O-X,0.0
XO-X--OOX,1.0
XO-X--OX-,0.0
XO-X--OXO,0.0
XO-X--X-O,5.0
XO-X--XO-,-3.0
XO-X--XOO,4.0
XO-X-O---,5.0
XO-X-O--X,0.0
XO-X-O-OX,3.0
XO-X-O-X-,0.0
XO-X-O-XO,0.0
XO-X-OO-X,3.0
XO-X-OOX-,0.0
XO-X-OOXX,0.0
XO-X-OX--,5.0
XO-X-OX-O,4.0
XO-X-OXO-,4.0
XO-X-OXOX,-1.0
XO-X-OXXO,-1.0
XO-X-X--O,-1.0
XO-X-X-O-,-4.0
XO-X-X-OO,-1.0
XO-X-XO--,0.0
XO-X-XO-O,0.0
XO-X-XOO-,0.0
XO-X-XOOX,0.0
XO-X-XOXO,0.0
XO-X-XXOO,-1.0
XO-XO----,0.0
XO-XO---X,-4.0
XO-XO--OX,-4.0
XO-XO--X-,0.0
XO-XO--XO,3.0
XO-XO-O-X,0.0
XO-XO-OX-,0.0
XO-XO-OXX,-2.0
XO-XO-X--,-3.0
XO-XO-X-O,4.0
XO-XO-XO-,-4.0
XO-XO-XOX,-3.0
XO-XO-XXO,3.0
XO-XOO--X,0.0
XO-XOO-X-,3.0
XO-XOO-XX,0.0
XO-XOOOXX,0.0
XO-XOOX--,4.0
XO-XOOX-X,-1.0
XO-XOOXOX,-2.0
XO-XOOXX-,3.0
XO-XOOXXO,2.0
XO-XOX---,-4.0
XO-XOX--O,0.0
XO-XOX-O-,-4.0
XO-XOX-OX,-3.0
XO-XOX-XO,0.0
XO-XOXO--,0.0
XO-XOXO-X,-2.0
XO-XOXOOX,0.0
XO-XOXOX-,-2.0
XO-XOXOXO,0.0
XO-XOXX-O,-1.0
XO-XOXXO-,-3.0
XO-XOXXOO,-2.0
XO-XX---O,0.0
XO-XX--O-,3.0
XO-XX--OO,3.0
XO-XX-O--,0.0
XO-XX-O-O,0.0
XO-XX-OO-,3.0
XO-XX-OOX,3.0
XO-XX-OXO,0.0
XO-XX-XOO,3.0
XO-XXO---,0.0
XO-XXO--O,0.0
XO-XXO-O-,3.0
XO-XXO-OX,3.0
XO-XXO-XO,-2.0
XO-XXOO--,3.0
XO-XXOO-X,3.0
XO-XXOOOX,2.0
XO-XXOOX-,0.0
XO-XXOOXO,0.0
XO-XXOX-O,-1.0
XO-XXOXO-,3.0
XO-XXOXOO,2.0
XO-XXX-OO,-1.0
XO-XXXO-O,-1.0
XO-XXXOO-,-1.0
XO-XXXOOO,-2.0
XOO-----X,5.0
XOO----X-,1.0
XOO----XX,0.0
XOO---OXX,3.0
XOO---X--,5.0
XOO---X-X,3.0
XOO---XOX,3.0
XOO---XX-,0.0
XOO---XXO,0.0
XOO--O-XX,3.0
XOO--OX-X,3.0
XOO--OXX-,3.0
XOO--OXXX,3.0
XOO--X---,1.0
XOO--X--X,-2.0
XOO--X-OX,3.0
XOO--X-X-,1.0
XOO--X-XO,1.0
XOO--XO-X,3.0
XOO--XOX-,1.0
XOO--XOXX,-2.0
XOO--XX--,1.0
XOO--XX-O,3.0
XOO--XXO-,1.0
XOO--XXOX,-2.0
XOO--XXXO,0.0
XOO-O--XX,3.0
XOO-O-X-X,3.0
XOO-O-XX-,3.0
XOO-O-XXX,3.0
XOO-OOXXX,2.0
XOO-OX--X,-2.0
XOO-OX-X-,1.0
XOO-OX-XX,-2.0
XOO-OXOXX,-2.0
XOO-OXX--,1.0
XOO-OXX-X,-2.0
XOO-OXXOX,-2.0
XOO-OXXX-,1.0
XOO-OXXXO,1.0
XOO-X----,5.0
XOO-X---X,5.0
XOO-X--OX,4.0
XOO-X--X-,0.0
XOO-X--XO,0.0
XOO-X-O-X,4.0
XOO-X-OX-,3.0
XOO-X-OXX,3.0
XOO-X-X--,0.0
XOO-X-X-O,0.0
XOO-X-XO-,3.0
XOO-X-XOX,3.0
XOO-X-XXO,-2.0
XOO-XO--X,4.0
XOO-XO-X-,1.0
XOO-XO-XX,3.0
XOO-XOOXX,2.0
XOO-XOX--,0.0
XOO-XOX-X,3.0
XOO-XOXOX,2.0
XOO-XOXXO,-2.0
XOO-XX--O,3.0
XOO-XX-O-,1.0
XOO-XX-OX,3.0
XOO-XX-XO,0.0
XOO-XXO--,3.0
XOO-XXO-X,3.0
XOO-XXOOX,2.0
XOO-XXOX-,1.0
XOO-XXOXO,1.0
XOO-XXX-O,0.0
XOO-XXXO-,1.0
XOO-XXXOO,1.0
XOOO---XX,3.0
XOOO--X-X,3.0
XOOO--XX-,3.0
XOOO--XXX,3.0
XOOO-OXXX,2.0
XOOO-X--X,3.0
XOOO-X-X-,1.0
XOOO-X-XX,1.0
XOOO-XOXX,1.0
XOOO-XX--,1.0
XOOO-XX-X,1.0
XOOO-XXOX,1.0
XOOO-XXX-,0.0
XOOO-XXXO,0.0
XOOOO-XXX,2.0
XOOOOX-XX,1.0
XOOOOXX-X,1.0
XOOOOXXX-,1.0
XOOOOXXXX,1.0
XOOOX---X,4.0
XOOOX--X-,3.0
XOOOX--XX,3.0
XOOOX-OXX,2.0
XOOOX-X--,3.0
XOOOX-X-X,3.0
XOOOX-XOX,2.0
XOOOX-XXO,0.0
XOOOXO-XX,2.0
XOOOXOX-X,2.0
XOOOXOXX-,1.0
XOOOXOXXX,1.0
XOOOXX---,3.0
XOOOXX--X,3.0
XOOOXX-OX,2.0
XOOOXX-X-,0.0
XOOOXX-XO,0.0
XOOOXXO-X,2.0
XOOOXXOX-,1.0
XOOOXXOXX,1.0
XOOOXXX--,0.0
XOOOXXX-O,0.0
XOOOXXXO-,1.0
XOOOXXXOX,1.0
XOOOXXXXO,0.0
XOOX-----,5.0
XOOX----X,-1.0
XOOX---OX,3.0
XOOX---X-,1.0
XOOX---XO,1.0
XOOX--O-X,3.0
XOOX--OX-,1.0
XOOX--OXX,-2.0
XOOX--X--,5.0
XOOX--X-O,4.0
XOOX--XO-,4.0
XOOX--XOX,-1.0
XOOX--XXO,-1.0
XOOX-O--X,3.0
XOOX-O-X-,1.0
XOOX-O-XX,1.0
XOOX-OOXX,1.0
XOOX-OX--,4.0
XOOX-OX-X,3.0
XOOX-OXOX,2.0
XOOX-OXX-,-1.0
XOOX-OXXO,-2.0
XOOX-X---,0.0
XOOX-X--O,3.0
XOOX-X-O-,0.0
XOOX-X-OX,0.0
XOOX-X-XO,1.0
XOOX-XO--,1.0
XOOX-XO-X,-2.0
XOOX-XOOX,1.0
XOOX-XOX-,-2.0
XOOX-XOXO,1.0
XOOX-XX-O,3.0
XOOX-XXO-,-1.0
XOOX-XXOO,2.0
XOOXO---X,-1.0
XOOXO--X-,3.0
XOOXO--XX,-2.0
XOOXO-OXX,-2.0
XOOXO-X--,4.0
XOOXO-X-X,-1.0
XOOXO-XOX,-2.0
XOOXO-XX-,3.0
XOOXO-XXO,2.0
XOOXOO-XX,1.0
XOOXOOX-X,2.0
XOOXOOXX-,2.0
XOOXOOXXX,1.0
XOOXOX---,-1.0
XOOXOX--X,-2.0
XOOXOX-OX,-2.0
XOOXOX-X-,-2.0
XOOXOX-XO,1.0
XOOXOXO-X,-2.0
XOOXOXOX-,-2.0
XOOXOXOXX,-1.0
XOOXOXX--,-1.0
XOOXOXX-O,2.0
XOOXOXXO-,-2.0
XOOXOXXOX,-1.0
XOOXOXXXO,1.0
XOOXX----,1.0
XOOXX---O,3.0
XOOXX--O-,3.0
XOOXX--OX,3.0
XOOXX--XO,-2.0
XOOXX-O--,1.0
XOOXX-O-X,3.0
XOOXX-OOX,2.0
XOOXX-OX-,1.0
XOOXX-OXO,1.0
XOOXX-X-O,-1.0
XOOXX-XO-,3.0
XOOXX-XOO,2.0
XOOXXO---,3.0
XOOXXO--X,3.0
XOOXXO-OX,2.0
XOOXXO-X-,-2.0
XOOXXO-XO,-2.0
XOOXXOO-X,2.0
XOOXXOOX-,1.0
XOOXXOOXX,1.0
XOOXXOX--,-1.0
XOOXXOX-O,-2.0
XOOXXOXO-,2.0
XOOXXOXOX,1.0
XOOXXOXXO,-1.0
XOOXXX--O,3.0
XOOXXX-O-,3.0
XOOXXX-OO,2.0
XOOXXXO--,3.0
XOOXXXO-O,2.0
XOOXXXOO-,2.0
XOOXXXOOX,1.0
XOOXXXOXO,1.0
XOOXXXXOO,1.0
XOX------,0.0
XOX-----O,0.0
XOX----O-,3.0
XOX----OX,0.0
XOX----XO,0.0
XOX---O--,3.0
XOX---O-X,3.0
XOX---OOX,3.0
XOX---OX-,0.0
XOX---OXO,0.0
XOX---X-O,0.0
XOX---XO-,-4.0
XOX---XOO,3.0
XOX--O---,3.0
XOX--O--X,0.0
XOX--O-OX,3.0
XOX--O-X-,0.0
XOX--O-XO,1.0
XOX--OO-X,3.0
XOX--OOX-,0.0
XOX--OOXX,0.0
XOX--OX--,0.0
XOX--OX-O,3.0
XOX--OXO-,3.0
XOX--OXOX,-2.0
XOX--OXXO,1.0
XOX--X--O,-2.0
XOX--X-O-,-2.0
XOX--X-OO,-2.0
XOX--XO--,0.0
XOX--XO-O,0.0
XOX--XOO-,0.0
XOX--XOOX,3.0
XOX--XOXO,0.0
XOX--XXOO,-2.0
XOX-O----,0.0
XOX-O---X,0.0
XOX-O--OX,2.0
XOX-O--X-,0.0
XOX-O--XO,0.0
XOX-O-O-X,3.0
XOX-O-OX-,0.0
XOX-O-OXX,0.0
XOX-O-X--,-4.0
XOX-O-X-O,0.0
XOX-O-XO-,-4.0
XOX-O-XOX,-3.0
XOX-O-XXO,0.0
XOX-OO--X,0.0
XOX-OO-X-,0.0
XOX-OO-XX,0.0
XOX-OOOXX,0.0
XOX-OOX--,0.0
XOX-OOX-X,-2.0
XOX-OOXOX,-2.0
XOX-OOXX-,0.0
XOX-OOXXO,1.0
XOX-OX---,0.0
XOX-OX--O,0.0
XOX-OX-O-,2.0
XOX-OX-OX,3.0
XOX-OX-XO,0.0
XOX-OXO--,3.0
XOX-OXO-X,3.0
XOX-OXOOX,2.0
XOX-OXOX-,0.0
XOX-OXOXO,0.0
XOX-OXX-O,-2.0
XOX-OXXO-,-3.0
XOX-OXXOO,-2.0
XOX-X---O,0.0
XOX-X--O-,3.0
XOX-X--OO,3.0
XOX-X-O--,0.0
XOX-X-O-O,0.0
XOX-X-OO-,3.0
XOX-X-OOX,3.0
XOX-X-OXO,0.0
XOX-X-XOO,3.0
XOX-XO---,3.0
XOX-XO--O,3.0
XOX-XO-O-,3.0
XOX-XO-OX,3.0
XOX-XO-XO,0.0
XOX-XOO--,3.0
XOX-XOO-X,3.0
XOX-XOOOX,2.0
XOX-XOOX-,0.0
XOX-XOOXO,0.0
XOX-XOX-O,3.0
XOX-XOXO-,3.0
XOX-XOXOO,2.0
XOX-XX-OO,-2.0
XOX-XXO-O,-2.0
XOX-XXOO-,-2.0
XOX-XXOOO,-2.0
XOXO-----,3.0
XOXO----X,3.0
XOXO---OX,3.0
XOXO---X-,0.0
XOXO---XO,0.0
XOXO--O-X,3.0
XOXO--OX-,1.0
XOXO--OXX,1.0
XOXO--X--,0.0
XOXO--X-O,3.0
XOXO--XO-,3.0
XOXO--XXO,0.0
XOXO-O--X,3.0
XOXO-O-X-,1.0
XOXO-O-XX,0.0
XOXO-OOXX,1.0
XOXO-OX--,3.0
XOXO-OXOX,1.0
XOXO-OXX-,0.0
XOXO-OXXO,1.0
XOXO-X---,0.0
XOXO-X--O,0.0
XOXO-X-O-,1.0
XOXO-X-XO,0.0
XOXO-XO--,0.0
XOXO-XOOX,2.0
XOXO-XOX-,0.0
XOXO-XOXO,0.0
XOXO-XX-O,0.0
XOXO-XXO-,0.0
XOXO-XXOO,1.0
XOXOO---X,3.0
XOXOO--X-,0.0
XOXOO--XX,0.0
XOXOO-OXX,1.0
XOXOO-X--,0.0
XOXOO-X-X,0.0
XOXOO-XOX,0.0
XOXOO-XX-,0.0
XOXOO-XXO,0.0
XOXOOO-XX,0.0
XOXOOOX-X,0.0
XOXOOOXX-,0.0
XOXOOOXXX,1.0
XOXOOX---,3.0
XOXOOX--X,3.0
XOXOOX-OX,2.0
XOXOOX-X-,0.0
XOXOOX-XO,0.0
XOXOOXO-X,2.0
XOXOOXOX-,1.0
XOXOOXOXX,1.0
XOXOOXX--,0.0
XOXOOXX-O,0.0
XOXOOXXO-,0.0
XOXOOXXOX,1.0
XOXOOXXXO,0.0
XOXOX----,3.0
XOXOX---O,3.0
XOXOX--O-,3.0
XOXOX--OX,3.0
XOXOX--XO,0.0
XOXOX-O--,3.0
XOXOX-O-X,3.0
XOXOX-OOX,2.0
XOXOX-OX-,0.0
XOXOX-OXO,0.0
XOXOX-X-O,3.0
XOXOX-XO-,3.0
XOXOX-XOO,2.0
XOXOXO---,3.0
XOXOXO--X,3.0
XOXOXO-OX,2.0
XOXOXO-X-,1.0
XOXOXO-XO,1.0
XOXOXOO-X,2.0
XOXOXOOX-,1.0
XOXOXOOXX,1.0
XOXOXOX--,3.0
XOXOXOX-O,2.0
XOXOXOXO-,2.0
XOXOXOXOX,1.0
XOXOXOXXO,1.0
XOXOXX--O,0.0
XOXOXX-O-,1.0
XOXOXX-OO,1.0
XOXOXXO--,0.0
XOXOXXO-O,0.0
XOXOXXOO-,1.0
XOXOXXOOX,1.0
XOXOXXOXO,0.0
XOXOXXXOO,1.0
XOXX----O,-1.0
XOXX---O-,-4.0
XOXX---OO,-1.0
XOXX--O--,0.0
XOXX--O-O,0.0
XOXX--OO-,0.0
XOXX--OOX,0.0
XOXX--OXO,0.0
XOXX--XOO,-1.0
XOXX-O---,0.0
XOXX-O--O,3.0
XOXX-O-O-,1.0
XOXX-O-XO,0.0
XOXX-OO--,0.0
XOXX-OO-X,0.0
XOXX-OOOX,1.0
XOXX-OOX-,0.0
XOXX-OOXO,0.0
XOXX-OX-O,3.0
XOXX-OXOO,2.0
XOXX-X-OO,-2.0
XOXX-XO-O,-2.0
XOXX-XOO-,-2.0
XOXX-XOOO,-2.0
XOXXO----,-4.0
XOXXO---O,0.0
XOXXO--O-,-4.0
XOXXO--OX,-3.0
XOXXO--XO,0.0
XOXXO-O--,0.0
XOXXO-O-X,0.0
XOXXO-OOX,0.0
XOXXO-OX-,0.0
XOXXO-OXO,0.0
XOXXO-X-O,-1.0
XOXXO-XO-,-3.0
XOXXO-XOO,-2.0
XOXXOO---,0.0
XOXXOO--X,-2.0
XOXXOO-OX,-2.0
XOXXOO-X-,0.0
XOXXOO-XO,1.0
XOXXOOO-X,0.0
XOXXOOOX-,0.0
XOXXOOOXX,0.0
XOXXOOX--,-1.0
XOXXOOX-O,2.0
XOXXOOXO-,-2.0
XOXXOOXOX,-1.0
XOXXOOXXO,1.0
XOXXOX--O,-2.0
XOXXOX-O-,-3.0
XOXXOX-OO,-2.0
XOXXOXO--,0.0
XOXXOXO-O,0.0
XOXXOXOO-,0.0
XOXXOXOOX,1.0
XOXXOXOXO,0.0
XOXXOXXOO,-1.0
XOXXX--OO,-2.0
XOXXX-O-O,-2.0
XOXXX-OO-,-2.0
XOXXX-OOO,-2.0
XOXXXO--O,0.0
XOXXXO-O-,1.0
XOXXXO-OO,1.0
XOXXXOO--,0.0
XOXXXOO-O,0.0
XOXXXOOO-,1.0
XOXXXOOOX,1.0
XOXXXOOXO,0.0
XOXXXOXOO,1.0
XOXXXXOOO,-1.0
XX------O,-2.0
XX-----O-,0.0
XX-----OO,0.0
XX----O--,-1.0
XX----O-O,-1.0
XX----OO-,1.0
XX----OOX,1.0
XX----OXO,-1.0
XX----XOO,0.0
XX---O---,-1.0
XX---O--O,5.0
XX---O-O-,5.0
XX---O-OX,1.0
XX---O-XO,-4.0
XX---OO--,2.0
XX---OO-X,0.0
XX---OOOX,3.0
XX---OOX-,-1.0
XX---OOXO,3.0
XX---OX-O,-4.0
XX---OXO-,1.0
XX---OXOO,3.0
XX---X-OO,-4.0
XX---XO-O,-4.0
XX---XOO-,-4.0
XX---XOOO,-4.0
XX--O----,-1.0
XX--O---O,5.0
XX--O--O-,5.0
XX--O--OX,0.0
XX--O--XO,-2.0
XX--O-O--,5.0
XX--O-O-X,-4.0
XX--O-OOX,3.0
XX--O-OX-,-4.0
XX--O-OXO,3.0
XX--O-X-O,-1.0
XX--O-XO-,0.0
XX--O-XOO,3.0
XX--OO---,-1.0
XX--OO--X,-4.0
XX--OO-OX,1.0
XX--OO-X-,-4.0
XX--OOO-X,1.0
XX--OOOXX,-2.0
XX--OOX--,-4.0
XX--OOX-O,-1.0
XX--OOXO-,3.0
XX--OOXOX,-2.0
XX--OOXXO,-2.0
XX--OX--O,-1.0
XX--OX-O-,-1.0
XX--OX-OO,1.0
XX--OXO--,-4.0
XX--OXO-O,-1.0
XX--OXOO-,-1.0
XX--OXOOX,-2.0
XX--OXOXO,-2.0
XX--OXXOO,1.0
XX--X--OO,-4.0
XX--X-O-O,-4.0
XX--X-OO-,-4.0
XX--X-OOO,-4.0
XX--XO--O,-4.0
XX--XO-O-,-1.0
XX--XO-OO,-1.0
XX--XOO--,0.0
XX--XOO-O,-1.0
XX--XOOOX,3.0
XX--XOOXO,-1.0
XX--XOXOO,-2.0
XX--XXOOO,-3.0
XX-O-----,0.0
XX-O----O,2.0
XX-O---O-,5.0
XX-O---OX,0.0
XX-O---XO,0.0
XX-O--O--,5.0
XX-O--O-X,-1.0
XX-O--OOX,3.0
XX-O--OX-,0.0
XX-O--OXO,3.0
XX-O--X-O,-1.0
XX-O--XO-,0.0
XX-O--XOO,3.0
XX-O-O---,3.0
XX-O-O--X,-1.0
XX-O-O-OX,3.0
XX-O-O-X-,-4.0
XX-O-O-XO,1.0
XX-O-OOX-,3.0
XX-O-OOXX,0.0
XX-O-OX--,-4.0
XX-O-OX-O,-1.0
XX-O-OXO-,1.0
XX-O-OXOX,-2.0
XX-O-OXXO,-2.0
XX-O-X--O,0.0
XX-O-X-O-,0.0
XX-O-X-OO,0.0
XX-O-XO--,1.0
XX-O-XO-O,1.0
XX-O-XOO-,1.0
XX-O-XOOX,1.0
XX-O-XOXO,1.0
XX-O-XXOO,0.0
XX-OO----,0.0
XX-OO---X,-4.0
XX-OO--OX,0.0
XX-OO--X-,-2.0
XX-OO--XO,0.0
XX-OO-O-X,-1.0
XX-OO-OX-,-1.0
XX-OO-OXX,-2.0
XX-OO-X--,-4.0
XX-OO-X-O,0.0
XX-OO-XO-,0.0
XX-OO-XOX,-2.0
XX-OO-XXO,-2.0
XX-OOO--X,-4.0
XX-OOO-X-,-4.0
XX-OOO-XX,-3.0
XX-OOOOXX,-2.0
XX-OOOX--,-4.0
XX-OOOX-X,-3.0
XX-OOOXOX,-2.0
XX-OOOXX-,-3.0
XX-OOOXXO,-2.0
XX-OOX---,0.0
XX-OOX--O,3.0
XX-OOX-O-,3.0
XX-OOX-OX,0.0
XX-OOX-XO,0.0
XX-OOXO--,3.0
XX-OOXO-X,-2.0
XX-OOXOOX,1.0
XX-OOXOX-,-2.0
XX-OOXOXO,1.0
XX-OOXX-O,0.0
XX-OOXXO-,0.0
XX-OOXXOO,1.0
XX-OX---O,0.0
XX-OX--O-,0.0
XX-OX--OO,0.0
XX-OX-O--,3.0
XX-OX-O-O,3.0
XX-OX-OO-,3.0
XX-OX-OOX,3.0
XX-OX-OXO,3.0
XX-OX-XOO,0.0
XX-OXO---,3.0
XX-OXO--O,3.0
XX-OXO-O-,3.0
XX-OXO-OX,3.0
XX-OXO-XO,-1.0
XX-OXOO--,3.0
XX-OXOOOX,2.0
XX-OXOOX-,3.0
XX-OXOOXO,2.0
XX-OXOX-O,-2.0
XX-OXOXO-,1.0
XX-OXOXOO,1.0
XX-OXX-OO,-2.0
XX-OXXO-O,-2.0
XX-OXXOO-,-2.0
XX-OXXOOO,-2.0
XX-X---OO,-4.0
XX-X--O-O,-4.0
XX-X--OO-,-4.0
XX-X--OOO,-4.0
XX-X-O--O,-4.0
XX-X-O-O-,-1.0
XX-X-O-OO,-1.0
XX-X-OO--,-1.0
XX-X-OO-O,-1.0
XX-X-OOO-,1.0
XX-X-OOOX,1.0
XX-X-OOXO,-2.0
XX-X-OXOO,-1.0
XX-X-XOOO,-3.0
XX-XO---O,-1.0
XX-XO--O-,-1.0
XX-XO--OO,3.0
XX-XO-O--,-1.0
XX-XO-O-O,1.0
XX-XO-OO-,-1.0
XX-XO-OOX,-2.0
XX-XO-OXO,-2.0
XX-XO-XOO,3.0
XX-XOO---,-1.0
XX-XOO--O,3.0
XX-XOO-O-,3.0
XX-XOO-OX,1.0
XX-XOO-XO,-2.0
XX-XOOO--,3.0
XX-XOOO-X,-2.0
XX-XOOOOX,1.0
XX-XOOOX-,-2.0
XX-XOOX-O,-1.0
XX-XOOXO-,3.0
XX-XOOXOO,2.0
XX-XOX-OO,-2.0
XX-XOXO-O,-2.0
XX-XOXOO-,-2.0
XX-XOXOOO,-2.0
XX-XX-OOO,-3.0
XX-XXO-OO,-2.0
XX-XXOO-O,-2.0
XX-XXOOO-,-2.0
XX-XXOOOO,-2.0
XXO------,-2.0
XXO-----O,-2.0
XXO----O-,0.0
XXO----OX,0.0
XXO----XO,-4.0
XXO---O--,-1.0
XXO---O-X,-4.0
XXO---OOX,3.0
XXO---OX-,-4.0
XXO---OXO,-1.0
XXO---X-O,-4.0
XXO---XO-,0.0
XXO---XOO,0.0
XXO--O---,0.0
XXO--O--X,0.0
XXO--O-OX,3.0
XXO--O-X-,-4.0
XXO--O-XO,-4.0
XXO--OO-X,3.0
XXO--OOX-,-1.0
XXO--OOXX,-2.0
XXO--OX--,-4.0
XXO--OX-O,-4.0
XXO--OXO-,1.0
XXO--OXOX,1.0
XXO--OXXO,-3.0
XXO--X--O,-2.0
XXO--X-O-,-2.0
XXO--X-OO,0.0
XXO--XO--,-4.0
XXO--XO-O,-2.0
XXO--XOO-,-2.0
XXO--XOOX,-2.0
XXO--XOXO,-2.0
XXO--XXOO,0.0
XXO-O----,0.0
XXO-O---X,-4.0
XXO-O--OX,0.0
XXO-O--X-,-4.0
XXO-O--XO,-2.0
XXO-O-O-X,-4.0
XXO-O-OX-,-4.0
XXO-O-OXX,-3.0
XXO-O-X--,0.0
XXO-O-X-O,0.0
XXO-O-XO-,3.0
XXO-O-XOX,0.0
XXO-O-XXO,-2.0
XXO-OO--X,0.0
XXO-OO-X-,0.0
XXO-OO-XX,-2.0
XXO-OOOXX,-2.0
XXO-OOX--,0.0
XXO-OOX-X,0.0
XXO-OOXOX,1.0
XXO-OOXX-,-2.0
XXO-OOXXO,-2.0
XXO-OX---,-4.0
XXO-OX--O,0.0
XXO-OX-O-,0.0
XXO-OX-OX,-2.0
XXO-OX-XO,-2.0
XXO-OXO--,-4.0
XXO-OXO-X,-3.0
XXO-OXOOX,-2.0
XXO-OXOX-,-3.0
XXO-OXOXO,-2.0
XXO-OXX-O,0.0
XXO-OXXO-,0.0
XXO-OXXOO,1.0
XXO-X---O,-4.0
XXO-X--O-,-2.0
XXO-X--OO,-2.0
XXO-X-O--,-1.0
XXO-X-O-O,-1.0
XXO-X-OO-,3.0
XXO-X-OOX,3.0
XXO-X-OXO,-1.0
XXO-X-XOO,-2.0
XXO-XO---,-4.0
XXO-XO--O,-4.0
XXO-XO-O-,0.0
XXO-XO-OX,3.0
XXO-XO-XO,-3.0
XXO-XOO--,0.0
XXO-XOO-X,3.0
XXO-XOOOX,2.0
XXO-XOOX-,-1.0
XXO-XOOXO,-2.0
XXO-XOX-O,-3.0
XXO-XOXO-,-2.0
XXO-XOXOO,-2.0
XXO-XX-OO,-2.0
XXO-XXO-O,-2.0
XXO-XXOO-,-2.0
XXO-XXOOO,-2.0
XXOO-----,0.0
XXOO----X,0.0
XXOO---OX,3.0
XXOO---X-,0.0
XXOO---XO,0.0
XXOO--O-X,3.0
XXOO--OX-,3.0
XXOO--OXX,-2.0
XXOO--X--,0.0
XXOO--X-O,0.0
XXOO--XO-,0.0
XXOO--XOX,0.0
XXOO--XXO,-2.0
XXOO-O--X,1.0
XXOO-O-X-,0.0
XXOO-O-XX,0.0
XXOO-OOXX,1.0
XXOO-OX--,0.0
XXOO-OX-X,0.0
XXOO-OXOX,1.0
XXOO-OXX-,-2.0
XXOO-OXXO,-2.0
XXOO-X---,0.0
XXOO-X--O,0.0
XXOO-X-O-,0.0
XXOO-X-OX,0.0
XXOO-X-XO,0.0
XXOO-XO--,1.0
XXOO-XO-X,-2.0
XXOO-XOOX,1.0
XXOO-XOX-,-2.0
XXOO-XOXO,1.0
XXOO-XX-O,0.0
XXOO-XXO-,0.0
XXOO-XXOO,0.0
XXOOO---X,0.0
XXOOO--X-,0.0
XXOOO--XX,-2.0
XXOOO-OXX,-2.0
XXOOO-X--,0.0
XXOOO-X-X,0.0
XXOOO-XOX,0.0
XXOOO-XX-,0.0
XXOOO-XXO,0.0
XXOOOO-XX,0.0
XXOOOOX-X,0.0
XXOOOOXX-,0.0
XXOOOOXXX,1.0
XXOOOX---,0.0
XXOOOX--X,-2.0
XXOOOX-OX,0.0
XXOOOX-X-,-2.0
XXOOOX-XO,0.0
XXOOOXO-X,-2.0
XXOOOXOX-,-2.0
XXOOOXOXX,-1.0
XXOOOXX--,0.0
XXOOOXX-O,0.0
XXOOOXXO-,0.0
XXOOOXXOX,0.0
XXOOOXXXO,0.0
XXOOX----,0.0
XXOOX---O,0.0
XXOOX--O-,3.0
XXOOX--OX,3.0
XXOOX--XO,-1.0
XXOOX-O--,3.0
XXOOX-O-X,3.0
XXOOX-OOX,2.0
XXOOX-OX-,3.0
XXOOX-OXO,2.0
XXOOX-X-O,-2.0
XXOOX-XO-,0.0
XXOOX-XOO,0.0
XXOOXO---,3.0
XXOOXO--X,3.0
XXOOXO-OX,2.0
XXOOXO-X-,-1.0
XXOOXO-XO,-2.0
XXOOXOO-X,2.0
XXOOXOOX-,2.0
XXOOXOOXX,1.0
XXOOXOX--,-2.0
XXOOXOX-O,-2.0
XXOOXOXO-,1.0
XXOOXOXOX,1.0
XXOOXOXXO,-1.0
XXOOXX--O,0.0
XXOOXX-O-,0.0
XXOOXX-OO,0.0
XXOOXXO--,1.0
XXOOXXO-O,1.0
XXOOXXOO-,1.0
XXOOXXOOX,1.0
XXOOXXOXO,1.0
XXOOXXXOO,0.0
XXOX----O,-4.0
XXOX---O-,-2.0
XXOX---OO,-1.0
XXOX--O--,-4.0
XXOX--OO-,-2.0
XXOX--OOX,-2.0
XXOX--OXO,-2.0
XXOX--XOO,-1.0
XXOX-O---,-4.0
XXOX-O--O,-4.0
XXOX-O-O-,1.0
XXOX-O-OX,1.0
XXOX-O-XO,-3.0
XXOX-OO--,0.0
XXOX-OOOX,1.0
XXOX-OOX-,-2.0
XXOX-OOXO,-2.0
XXOX-OX-O,-3.0
XXOX-OXO-,-1.0
XXOX-OXOO,-2.0
XXOX-X-OO,-2.0
XXOX-XO-O,-2.0
XXOX-XOO-,-2.0
XXOX-XOOO,-2.0
XXOXO----,-4.0
XXOXO---O,-1.0
XXOXO--O-,3.0
XXOXO--OX,-2.0
XXOXO--XO,-2.0
XXOXO-O--,-4.0
XXOXO-O-X,-3.0
XXOXO-OOX,-2.0
XXOXO-OX-,-3.0
XXOXO-OXO,-2.0
XXOXO-X-O,-1.0
XXOXO-XO-,3.0
XXOXO-XOO,2.0
XXOXOO---,-1.0
XXOXOO--X,-2.0
XXOXOO-OX,1.0
XXOXOO-X-,-2.0
XXOXOO-XO,-2.0
XXOXOOO-X,-2.0
XXOXOOOX-,-2.0
XXOXOOOXX,-1.0
XXOXOOX--,-1.0
XXOXOOX-O,-2.0
XXOXOOXO-,2.0
XXOXOOXOX,1.0
XXOXOOXXO,-1.0
XXOXOX--O,-2.0
XXOXOX-O-,-2.0
XXOXOX-OO,1.0
XXOXOXO--,-3.0
XXOXOXO-O,-2.0
XXOXOXOO-,-2.0
XXOXOXOOX,-1.0
XXOXOXOXO,-1.0
XXOXOXXOO,1.0
XXOXX--OO,-2.0
XXOXX-O-O,-2.0
XXOXX-OO-,-2.0
XXOXX-OOO,-2.0
XXOXXO--O,-3.0
XXOXXO-O-,-2.0
XXOXXO-OO,-2.0
XXOXXOO--,-1.0
XXOXXOO-O,-2.0
XXOXXOOO-,1.0
XXOXXOOOX,1.0
XXOXXOOXO,-1.0
XXOXXOXOO,-1.0
XXOXXXOOO,-1.0
XXX----OO,-3.0
XXX---O-O,-3.0
XXX---OO-,-3.0
XXX---OOO,-4.0
XXX--O--O,5.0
XXX--O-O-,5.0
XXX--O-OO,4.0
XXX--OO--,5.0
XXX--OO-O,4.0
XXX--OOO-,4.0
XXX--OOOX,3.0
XXX--OOXO,3.0
XXX--OXOO,3.0
XXX--XOOO,-3.0
XXX-O---O,5.0
XXX-O--O-,5.0
XXX-O--OO,4.0
XXX-O-O--,5.0
XXX-O-O-O,4.0
XXX-O-OO-,4.0
XXX-O-OOX,3.0
XXX-O-OXO,3.0
XXX-O-XOO,3.0
XXX-OO---,-3.0
XXX-OO--O,4.0
XXX-OO-O-,4.0
XXX-OO-OX,-1.0
XXX-OO-XO,-1.0
XXX-OOO--,4.0
XXX-OOO-X,-1.0
XXX-OOOOX,2.0
XXX-OOOX-,-1.0
XXX-OOOXO,2.0
XXX-OOX-O,-1.0
XXX-OOXO-,-1.0
XXX-OOXOO,2.0
XXX-OX-OO,-1.0
XXX-OXO-O,-1.0
XXX-OXOO-,-1.0
XXX-OXOOO,-2.0
XXX-X-OOO,-3.0
XXX-XO-OO,-1.0
XXX-XOO-O,-1.0
XXX-XOOO-,-1.0
XXX-XOOOO,-2.0
XXXO----O,5.0
XXXO---O-,5.0
XXXO---OO,4.0
XXXO--O--,5.0
XXXO--O-O,4.0
XXXO--OO-,4.0
XXXO--OOX,3.0
XXXO--OXO,3.0
XXXO--XOO,3.0
XXXO-O---,-3.0
XXXO-O--O,4.0
XXXO-O-O-,4.0
XXXO-O-OX,-1.0
XXXO-O-XO,-1.0
XXXO-OO--,4.0
XXXO-OO-X,-1.0
XXXO-OOOX,2.0
XXXO-OOX-,-1.0
XXXO-OOXO,2.0
XXXO-OX-O,-1.0
XXXO-OXO-,-1.0
XXXO-OXOO,2.0
XXXO-X-OO,-1.0
XXXO-XO-O,-1.0
XXXO-XOOO,-2.0
XXXOO----,-3.0
XXXOO---O,4.0
XXXOO--O-,4.0
XXXOO--OX,-1.0
XXXOO--XO,-1.0
XXXOO-O--,4.0
XXXOO-O-X,-1.0
XXXOO-OOX,2.0
XXXOO-OX-,-1.0
XXXOO-OXO,2.0
XXXOO-X-O,-1.0
XXXOO-XO-,-1.0
XXXOO-XOO,2.0
XXXOOO---,-4.0
XXXOOO--X,-3.0
XXXOOO-OX,-2.0
XXXOOO-X-,-3.0
XXXOOO-XO,-2.0
XXXOOOO-X,-2.0
XXXOOOOX-,-2.0
XXXOOOOXX,-1.0
XXXOOOX--,-3.0
XXXOOOX-O,-2.0
XXXOOOXO-,-2.0
XXXOOOXOX,-1.0
XXXOOOXXO,-1.0
XXXOOX--O,3.0
XXXOOX-O-,3.0
XXXOOX-OO,2.0
XXXOOXO--,3.0
XXXOOXO-O,2.0
XXXOOXOO-,2.0
XXXOOXOOX,1.0
XXXOOXOXO,1.0
XXXOOXXOO,1.0
XXXOX--OO,-1.0
XXXOX-O-O,-1.0
XXXOX-OO-,-1.0
XXXOX-OOO,-2.0
XXXOXO--O,3.0
XXXOXO-O-,3.0
XXXOXO-OO,2.0
XXXOXOO--,3.0
XXXOXOO-O,2.0
XXXOXOOO-,2.0
XXXOXOOOX,1.0
XXXOXOOXO,1.0
XXXOXOXOO,1.0
XXXOXXOOO,-1.0
XXXX--OOO,-3.0
XXXX-O-OO,-1.0
XXXX-OO-O,-1.0
XXXX-OOO-,-1.0
XXXX-OOOO,-2.0
XXXXO--OO,-1.0
XXXXO-O-O,-1.0
XXXXO-OO-,-1.0
XXXXO-OOO,-2.0
XXXXOO--O,3.0
XXXXOO-O-,3.0
XXXXOO-OO,2.0
XXXXOOO--,3.0
XXXXOOO-O,2.0
XXXXOOOO-,2.0
XXXXOOOOX,1.0
XXXXOOOXO,1.0
XXXXOOXOO,1.0
XXXXOXOOO,-1.0
XXXXXOOOO,-1.0
